reference_method,candidate_method,quantity,population,metric,n_paired_events,mean_delta_candidate_minus_reference,median_delta_candidate_minus_reference
attention_base,median_observed,pga,overall,mae,224,0.31222341009814825,0.2603940063714981
attention_base,nearest_observed,pga,overall,mae,224,0.2895227451910198,0.24257655441761022
attention_base,idw_observed,pga,overall,mae,224,0.5019585987127252,0.42370059609413135
attention_base,plum_like,pga,overall,mae,224,0.21074910868623584,0.16814241950693104
attention_base,source_oracle_ridge,pga,overall,mae,224,0.08342923336401256,0.09556409162294516
attention_base,cross_attention,pga,overall,mae,224,-0.010834993774603523,-0.014749795794487042
attention_base,graph,pga,overall,mae,224,-0.007214967118842264,-0.00487371742725376
attention_base,tail_weighted_attention,pga,overall,mae,224,0.02306880338649664,0.01575539290905001
attention_base,power_gate,pga,overall,mae,224,0.00030664828339857557,-8.14616680142044e-06
attention_base,median_observed,pga,overall,factor2,224,-0.26225446428571425,-0.255
attention_base,nearest_observed,pga,overall,factor2,224,-0.2382142857142857,-0.22999999999999993
attention_base,idw_observed,pga,overall,factor2,224,-0.34448660714285717,-0.36
attention_base,plum_like,pga,overall,factor2,224,-0.19982142857142857,-0.20999999999999994
attention_base,source_oracle_ridge,pga,overall,factor2,224,-0.1139955357142857,-0.1225
attention_base,cross_attention,pga,overall,factor2,224,0.01446428571428572,0.020000000000000018
attention_base,graph,pga,overall,factor2,224,0.00026785714285714683,0.0024999999999999745
attention_base,tail_weighted_attention,pga,overall,factor2,224,-0.04029017857142857,-0.03500000000000003
attention_base,power_gate,pga,overall,factor2,224,-6.696428571428732e-05,0.0
attention_base,median_observed,pga,overall,under05,224,-0.03546875,-0.0375
attention_base,nearest_observed,pga,overall,under05,224,0.08571428571428572,0.0675
attention_base,idw_observed,pga,overall,under05,224,-0.09205357142857142,-0.075
attention_base,plum_like,pga,overall,under05,224,0.16551339285714287,0.125
attention_base,source_oracle_ridge,pga,overall,under05,224,-0.08334821428571429,-0.055
attention_base,cross_attention,pga,overall,under05,224,-0.027589285714285712,-0.035
attention_base,graph,pga,overall,under05,224,-0.028147321428571428,-0.02500000000000001
attention_base,tail_weighted_attention,pga,overall,under05,224,0.00035714285714285747,0.0
attention_base,power_gate,pga,overall,under05,224,-0.002477678571428571,0.0
attention_base,median_observed,pga,high_motion_tail,mae,98,0.3097889573322859,0.33737223347028095
attention_base,nearest_observed,pga,high_motion_tail,mae,98,0.21743416963775197,0.2659168442090353
attention_base,idw_observed,pga,high_motion_tail,mae,98,-0.041822419607518424,-0.03952844301859537
attention_base,plum_like,pga,high_motion_tail,mae,98,0.13593692735882015,0.07037849224922113
attention_base,source_oracle_ridge,pga,high_motion_tail,mae,98,-0.37520543945010415,-0.384925755908192
attention_base,cross_attention,pga,high_motion_tail,mae,98,-0.10021101743027032,-0.11198950865689455
attention_base,graph,pga,high_motion_tail,mae,98,-0.12480506340368577,-0.10802417601409714
attention_base,tail_weighted_attention,pga,high_motion_tail,mae,98,-0.12727109639620718,-0.15694246973310177
attention_base,power_gate,pga,high_motion_tail,mae,98,-0.05766341462667438,-0.04512917002042138
attention_base,median_observed,pga,high_motion_tail,factor2,98,0.0021481067934122854,0.0
attention_base,nearest_observed,pga,high_motion_tail,factor2,98,0.03874573393950881,0.0
attention_base,idw_observed,pga,high_motion_tail,factor2,98,0.11689795127058192,0.0
attention_base,plum_like,pga,high_motion_tail,factor2,98,0.06439540158738365,0.0
attention_base,source_oracle_ridge,pga,high_motion_tail,factor2,98,0.37308209922915014,0.30666666666666664
attention_base,cross_attention,pga,high_motion_tail,factor2,98,0.035288272501223475,0.0
attention_base,graph,pga,high_motion_tail,factor2,98,0.01690541561805857,0.0
attention_base,tail_weighted_attention,pga,high_motion_tail,factor2,98,0.08753486020746873,0.0
attention_base,power_gate,pga,high_motion_tail,factor2,98,0.05414022451845476,0.0
attention_base,median_observed,pga,high_motion_tail,under05,98,-0.013028636646425862,0.0
attention_base,nearest_observed,pga,high_motion_tail,under05,98,-0.0907236998239715,0.0
attention_base,idw_observed,pga,high_motion_tail,under05,98,-0.2429676937608795,-0.07670454545454544
attention_base,plum_like,pga,high_motion_tail,under05,98,-0.12108344490298587,0.0
attention_base,source_oracle_ridge,pga,high_motion_tail,under05,98,-0.5565409583367029,-0.6180555555555556
attention_base,cross_attention,pga,high_motion_tail,under05,98,-0.1485614846682958,0.0
attention_base,graph,pga,high_motion_tail,under05,98,-0.1672948302887647,0.0
attention_base,tail_weighted_attention,pga,high_motion_tail,under05,98,-0.1834877169330556,0.0
attention_base,power_gate,pga,high_motion_tail,under05,98,-0.09440362482047579,0.0
attention_base,median_observed,pgv,overall,mae,224,0.19690938840753264,0.1617006933689118
attention_base,nearest_observed,pgv,overall,mae,224,0.23382280443129796,0.20524662733078003
attention_base,idw_observed,pgv,overall,mae,224,0.33160444957869395,0.18413733124732967
attention_base,plum_like,pgv,overall,mae,224,0.26117396236127915,0.22145020776706675
attention_base,source_oracle_ridge,pgv,overall,mae,224,0.0833680523010609,0.0858131239979816
attention_base,cross_attention,pgv,overall,mae,224,-0.007533559245722636,-0.007027685642242418
attention_base,graph,pgv,overall,mae,224,-0.011161286035286528,-0.00675146698951723
attention_base,tail_weighted_attention,pgv,overall,mae,224,0.012527708605464014,0.002595721483230548
attention_base,power_gate,pgv,overall,mae,224,-5.653436694822597e-06,-6.675720214122105e-08
attention_base,median_observed,pgv,overall,factor2,224,-0.24839285714285714,-0.2475
attention_base,nearest_observed,pgv,overall,factor2,224,-0.2687276785714286,-0.26750000000000007
attention_base,idw_observed,pgv,overall,factor2,224,-0.30502232142857144,-0.285
attention_base,plum_like,pgv,overall,factor2,224,-0.34671874999999996,-0.32000000000000006
attention_base,source_oracle_ridge,pgv,overall,factor2,224,-0.1790401785714286,-0.17499999999999988
attention_base,cross_attention,pgv,overall,factor2,224,0.010580357142857147,0.0050000000000000044
attention_base,graph,pgv,overall,factor2,224,0.020111607142857146,0.020000000000000018
attention_base,tail_weighted_attention,pgv,overall,factor2,224,-0.010424107142857143,-0.0050000000000000044
attention_base,power_gate,pgv,overall,factor2,224,0.0002678571428571448,0.0
attention_base,median_observed,pgv,overall,under05,224,0.00845982142857143,0.004999999999999994
attention_base,nearest_observed,pgv,overall,under05,224,0.11486607142857141,0.09499999999999997
attention_base,idw_observed,pgv,overall,under05,224,-0.04665178571428571,-0.03
attention_base,plum_like,pgv,overall,under05,224,0.22058035714285712,0.19999999999999998
attention_base,source_oracle_ridge,pgv,overall,under05,224,-0.07408482142857142,-0.04999999999999999
attention_base,cross_attention,pgv,overall,under05,224,-0.01725446428571429,-0.015000000000000013
attention_base,graph,pgv,overall,under05,224,-0.01645089285714286,-0.014999999999999993
attention_base,tail_weighted_attention,pgv,overall,under05,224,-0.005602678571428573,0.0
attention_base,power_gate,pgv,overall,under05,224,-0.002053571428571429,0.0
attention_base,median_observed,pgv,high_motion_tail,mae,87,0.3258802110217502,0.35529168446858717
attention_base,nearest_observed,pgv,high_motion_tail,mae,87,0.22003153920381702,0.3205900192260742
attention_base,idw_observed,pgv,high_motion_tail,mae,87,-0.044582709639830374,-0.013531439834170711
attention_base,plum_like,pgv,high_motion_tail,mae,87,-0.03697654730990906,-0.10099099670723466
attention_base,source_oracle_ridge,pgv,high_motion_tail,mae,87,-0.3993768646554495,-0.3844476002034458
attention_base,cross_attention,pgv,high_motion_tail,mae,87,-0.10331482183759941,-0.11791098117828369
attention_base,graph,pgv,high_motion_tail,mae,87,-0.09087730715713307,-0.09133547544479392
attention_base,tail_weighted_attention,pgv,high_motion_tail,mae,87,-0.10968608712056677,-0.12424492835998513
attention_base,power_gate,pgv,high_motion_tail,mae,87,-0.03404300551525071,-0.0161241292953489
attention_base,median_observed,pgv,high_motion_tail,factor2,87,0.021184576077951763,0.0
attention_base,nearest_observed,pgv,high_motion_tail,factor2,87,0.06622957688578128,0.0
attention_base,idw_observed,pgv,high_motion_tail,factor2,87,0.13766357732849138,0.0
attention_base,plum_like,pgv,high_motion_tail,factor2,87,0.19330689910384585,0.0
attention_base,source_oracle_ridge,pgv,high_motion_tail,factor2,87,0.384962428609274,0.2578947368421053
attention_base,cross_attention,pgv,high_motion_tail,factor2,87,0.042193968022719665,0.0
attention_base,graph,pgv,high_motion_tail,factor2,87,0.03588659222755874,0.0
attention_base,tail_weighted_attention,pgv,high_motion_tail,factor2,87,0.09157773160166313,0.0
attention_base,power_gate,pgv,high_motion_tail,factor2,87,0.05305583248472292,0.0
attention_base,median_observed,pgv,high_motion_tail,under05,87,0.014969690773398821,0.0
attention_base,nearest_observed,pgv,high_motion_tail,under05,87,-0.07832905842251596,0.0
attention_base,idw_observed,pgv,high_motion_tail,under05,87,-0.21394233632516968,0.0
attention_base,plum_like,pgv,high_motion_tail,under05,87,-0.24668468655435308,0.0
attention_base,source_oracle_ridge,pgv,high_motion_tail,under05,87,-0.5013171114290736,-0.5833333333333333
attention_base,cross_attention,pgv,high_motion_tail,under05,87,-0.08827607132240418,0.0
attention_base,graph,pgv,high_motion_tail,under05,87,-0.03694205491138875,0.0
attention_base,tail_weighted_attention,pgv,high_motion_tail,under05,87,-0.10220819545928082,0.0
attention_base,power_gate,pgv,high_motion_tail,under05,87,-0.04774670635943367,0.0
