caliper_km,model,target_role,quantity,population,metric,value,n_events,n_target_rows,n_unique_stations
10.0,cross_attention_base,seen_target,pga,overall,mae,0.30368426386807773,195,3248,241
10.0,cross_attention_base,seen_target,pga,overall,bias,-0.09347610703177327,195,3248,241
10.0,cross_attention_base,seen_target,pga,overall,factor2,0.6147553975085331,195,3248,241
10.0,cross_attention_base,seen_target,pga,overall,under05,0.1306098758291741,195,3248,241
10.0,cross_attention_base,seen_target,pga,high_motion_tail,mae,0.8437472122152636,34,139,86
10.0,cross_attention_base,seen_target,pga,high_motion_tail,bias,-0.8231738673301292,34,139,86
10.0,cross_attention_base,seen_target,pga,high_motion_tail,factor2,0.1382918552036199,34,139,86
10.0,cross_attention_base,seen_target,pga,high_motion_tail,under05,0.8126928369188431,34,139,86
10.0,cross_attention_base,seen_target,pgv,overall,mae,0.2945386779206925,195,3248,241
10.0,cross_attention_base,seen_target,pgv,overall,bias,-0.16196884102066472,195,3248,241
10.0,cross_attention_base,seen_target,pgv,overall,factor2,0.6505640465309435,195,3248,241
10.0,cross_attention_base,seen_target,pgv,overall,under05,0.1405551281620981,195,3248,241
10.0,cross_attention_base,seen_target,pgv,high_motion_tail,mae,0.9467613897984564,32,168,95
10.0,cross_attention_base,seen_target,pgv,high_motion_tail,bias,-0.8947380957871411,32,168,95
10.0,cross_attention_base,seen_target,pgv,high_motion_tail,factor2,0.04371518238705739,32,168,95
10.0,cross_attention_base,seen_target,pgv,high_motion_tail,under05,0.8571404723748474,32,168,95
10.0,ca_urc,seen_target,pga,overall,mae,0.30120683436642126,195,3248,241
10.0,ca_urc,seen_target,pga,overall,bias,-0.030423244285118955,195,3248,241
10.0,ca_urc,seen_target,pga,overall,factor2,0.6065083674150318,195,3248,241
10.0,ca_urc,seen_target,pga,overall,under05,0.1075428119645989,195,3248,241
10.0,ca_urc,seen_target,pga,high_motion_tail,mae,0.7728581555515904,34,139,86
10.0,ca_urc,seen_target,pga,high_motion_tail,bias,-0.7486226717813135,34,139,86
10.0,ca_urc,seen_target,pga,high_motion_tail,factor2,0.143684012066365,34,139,86
10.0,ca_urc,seen_target,pga,high_motion_tail,under05,0.7493758434547908,34,139,86
10.0,ca_urc,seen_target,pgv,overall,mae,0.28154279393761333,195,3248,241
10.0,ca_urc,seen_target,pgv,overall,bias,-0.11130682618832874,195,3248,241
10.0,ca_urc,seen_target,pgv,overall,factor2,0.6674309338884238,195,3248,241
10.0,ca_urc,seen_target,pgv,overall,under05,0.11740877359199184,195,3248,241
10.0,ca_urc,seen_target,pgv,high_motion_tail,mae,0.8750212051724886,32,168,95
10.0,ca_urc,seen_target,pgv,high_motion_tail,bias,-0.8222027355184158,32,168,95
10.0,ca_urc,seen_target,pgv,high_motion_tail,factor2,0.08733497405372406,32,168,95
10.0,ca_urc,seen_target,pgv,high_motion_tail,under05,0.8007168612637363,32,168,95
10.0,cross_attention_base,unseen_station_target,pga,overall,mae,0.3594780373363478,195,3248,63
10.0,cross_attention_base,unseen_station_target,pga,overall,bias,-0.024283269556163768,195,3248,63
10.0,cross_attention_base,unseen_station_target,pga,overall,factor2,0.5141932187862767,195,3248,63
10.0,cross_attention_base,unseen_station_target,pga,overall,under05,0.14001969170709744,195,3248,63
10.0,cross_attention_base,unseen_station_target,pga,high_motion_tail,mae,0.8791480430000768,29,143,44
10.0,cross_attention_base,unseen_station_target,pga,high_motion_tail,bias,-0.8775906211983641,29,143,44
10.0,cross_attention_base,unseen_station_target,pga,high_motion_tail,factor2,0.0775596152184174,29,143,44
10.0,cross_attention_base,unseen_station_target,pga,high_motion_tail,under05,0.8817135677389761,29,143,44
10.0,cross_attention_base,unseen_station_target,pgv,overall,mae,0.3031879184739891,195,3248,63
10.0,cross_attention_base,unseen_station_target,pgv,overall,bias,-0.08945730100974655,195,3248,63
10.0,cross_attention_base,unseen_station_target,pgv,overall,factor2,0.6412946661703309,195,3248,63
10.0,cross_attention_base,unseen_station_target,pgv,overall,under05,0.136816642745733,195,3248,63
10.0,cross_attention_base,unseen_station_target,pgv,high_motion_tail,mae,1.02655138795121,28,149,44
10.0,cross_attention_base,unseen_station_target,pgv,high_motion_tail,bias,-0.9710251919068915,28,149,44
10.0,cross_attention_base,unseen_station_target,pgv,high_motion_tail,factor2,0.07789115646258503,28,149,44
10.0,cross_attention_base,unseen_station_target,pgv,high_motion_tail,under05,0.8347475832438238,28,149,44
10.0,ca_urc,unseen_station_target,pga,overall,mae,0.3608552174770886,195,3248,63
10.0,ca_urc,unseen_station_target,pga,overall,bias,0.034307280653036995,195,3248,63
10.0,ca_urc,unseen_station_target,pga,overall,factor2,0.5129137858729229,195,3248,63
10.0,ca_urc,unseen_station_target,pga,overall,under05,0.11781942290992063,195,3248,63
10.0,ca_urc,unseen_station_target,pga,high_motion_tail,mae,0.8199712166870721,29,143,44
10.0,ca_urc,unseen_station_target,pga,high_motion_tail,bias,-0.8113018807353217,29,143,44
10.0,ca_urc,unseen_station_target,pga,high_motion_tail,factor2,0.09940301682588434,29,143,44
10.0,ca_urc,unseen_station_target,pga,high_motion_tail,under05,0.8135690685599941,29,143,44
10.0,ca_urc,unseen_station_target,pgv,overall,mae,0.29866984073061603,195,3248,63
10.0,ca_urc,unseen_station_target,pgv,overall,bias,-0.04146035957452735,195,3248,63
10.0,ca_urc,unseen_station_target,pgv,overall,factor2,0.649670133530775,195,3248,63
10.0,ca_urc,unseen_station_target,pgv,overall,under05,0.11112996341126055,195,3248,63
10.0,ca_urc,unseen_station_target,pgv,high_motion_tail,mae,0.9711679216134177,28,149,44
10.0,ca_urc,unseen_station_target,pgv,high_motion_tail,bias,-0.9101936343159677,28,149,44
10.0,ca_urc,unseen_station_target,pgv,high_motion_tail,factor2,0.09829931972789116,28,149,44
10.0,ca_urc,unseen_station_target,pgv,high_motion_tail,under05,0.8088077336197637,28,149,44
20.0,cross_attention_base,seen_target,pga,overall,mae,0.30824387350926463,195,5649,255
20.0,cross_attention_base,seen_target,pga,overall,bias,-0.1019115574872428,195,5649,255
20.0,cross_attention_base,seen_target,pga,overall,factor2,0.6065800044887327,195,5649,255
20.0,cross_attention_base,seen_target,pga,overall,under05,0.14170502533227786,195,5649,255
20.0,cross_attention_base,seen_target,pga,high_motion_tail,mae,0.8438609861481463,36,215,114
20.0,cross_attention_base,seen_target,pga,high_motion_tail,bias,-0.8299069388275286,36,215,114
20.0,cross_attention_base,seen_target,pga,high_motion_tail,factor2,0.16415343915343913,36,215,114
20.0,cross_attention_base,seen_target,pga,high_motion_tail,under05,0.7769633864754479,36,215,114
20.0,cross_attention_base,seen_target,pgv,overall,mae,0.2935381789616284,195,5649,255
20.0,cross_attention_base,seen_target,pgv,overall,bias,-0.15530140954209523,195,5649,255
20.0,cross_attention_base,seen_target,pgv,overall,factor2,0.659996111695425,195,5649,255
20.0,cross_attention_base,seen_target,pgv,overall,under05,0.13876649963883034,195,5649,255
20.0,cross_attention_base,seen_target,pgv,high_motion_tail,mae,0.9590476121690005,34,262,127
20.0,cross_attention_base,seen_target,pgv,high_motion_tail,bias,-0.9169193310060412,34,262,127
20.0,cross_attention_base,seen_target,pgv,high_motion_tail,factor2,0.07539528066128412,34,262,127
20.0,cross_attention_base,seen_target,pgv,high_motion_tail,under05,0.8382372141557627,34,262,127
20.0,ca_urc,seen_target,pga,overall,mae,0.304021730155314,195,5649,255
20.0,ca_urc,seen_target,pga,overall,bias,-0.04021945129534872,195,5649,255
20.0,ca_urc,seen_target,pga,overall,factor2,0.5978542862292962,195,5649,255
20.0,ca_urc,seen_target,pga,overall,under05,0.11550080722393577,195,5649,255
20.0,ca_urc,seen_target,pga,high_motion_tail,mae,0.7725266041544114,36,215,114
20.0,ca_urc,seen_target,pga,high_motion_tail,bias,-0.754922691867123,36,215,114
20.0,ca_urc,seen_target,pga,high_motion_tail,factor2,0.17046130952380953,36,215,114
20.0,ca_urc,seen_target,pga,high_motion_tail,under05,0.6928919521024786,36,215,114
20.0,ca_urc,seen_target,pgv,overall,mae,0.2814878937180468,195,5649,255
20.0,ca_urc,seen_target,pgv,overall,bias,-0.10512135939721808,195,5649,255
20.0,ca_urc,seen_target,pgv,overall,factor2,0.6755407297410354,195,5649,255
20.0,ca_urc,seen_target,pgv,overall,under05,0.1154391715566003,195,5649,255
20.0,ca_urc,seen_target,pgv,high_motion_tail,mae,0.8849234366978523,34,262,127
20.0,ca_urc,seen_target,pgv,high_motion_tail,bias,-0.8421807642137407,34,262,127
20.0,ca_urc,seen_target,pgv,high_motion_tail,factor2,0.11666065936178394,34,262,127
20.0,ca_urc,seen_target,pgv,high_motion_tail,under05,0.7867881257484699,34,262,127
20.0,cross_attention_base,unseen_station_target,pga,overall,mae,0.3570138458377286,195,5649,64
20.0,cross_attention_base,unseen_station_target,pga,overall,bias,-0.03046591757391791,195,5649,64
20.0,cross_attention_base,unseen_station_target,pga,overall,factor2,0.5205626869477389,195,5649,64
20.0,cross_attention_base,unseen_station_target,pga,overall,under05,0.1422994225776634,195,5649,64
20.0,cross_attention_base,unseen_station_target,pga,high_motion_tail,mae,0.8609599762726144,37,239,50
20.0,cross_attention_base,unseen_station_target,pga,high_motion_tail,bias,-0.8561078392225013,37,239,50
20.0,cross_attention_base,unseen_station_target,pga,high_motion_tail,factor2,0.07682992590113333,37,239,50
20.0,cross_attention_base,unseen_station_target,pga,high_motion_tail,under05,0.8259905194889715,37,239,50
20.0,cross_attention_base,unseen_station_target,pgv,overall,mae,0.30931017846853687,195,5649,64
20.0,cross_attention_base,unseen_station_target,pgv,overall,bias,-0.09005477719671091,195,5649,64
20.0,cross_attention_base,unseen_station_target,pgv,overall,factor2,0.6253673032069675,195,5649,64
20.0,cross_attention_base,unseen_station_target,pgv,overall,under05,0.13791429471889102,195,5649,64
20.0,cross_attention_base,unseen_station_target,pgv,high_motion_tail,mae,1.0203099978823458,30,242,51
20.0,cross_attention_base,unseen_station_target,pgv,high_motion_tail,bias,-0.9624626723001413,30,242,51
20.0,cross_attention_base,unseen_station_target,pgv,high_motion_tail,factor2,0.10795829442888265,30,242,51
20.0,cross_attention_base,unseen_station_target,pgv,high_motion_tail,under05,0.8100470129572296,30,242,51
20.0,ca_urc,unseen_station_target,pga,overall,mae,0.35794717766770123,195,5649,64
20.0,ca_urc,unseen_station_target,pga,overall,bias,0.02813489917173531,195,5649,64
20.0,ca_urc,unseen_station_target,pga,overall,factor2,0.5192948824569449,195,5649,64
20.0,ca_urc,unseen_station_target,pga,overall,under05,0.12044991145471416,195,5649,64
20.0,ca_urc,unseen_station_target,pga,high_motion_tail,mae,0.7997299709554017,37,239,50
20.0,ca_urc,unseen_station_target,pga,high_motion_tail,bias,-0.7852325664449966,37,239,50
20.0,ca_urc,unseen_station_target,pga,high_motion_tail,factor2,0.0964865794587157,37,239,50
20.0,ca_urc,unseen_station_target,pga,high_motion_tail,under05,0.7805480181641172,37,239,50
20.0,ca_urc,unseen_station_target,pgv,overall,mae,0.3043240270442095,195,5649,64
20.0,ca_urc,unseen_station_target,pgv,overall,bias,-0.04114937814166756,195,5649,64
20.0,ca_urc,unseen_station_target,pgv,overall,factor2,0.6312329135028985,195,5649,64
20.0,ca_urc,unseen_station_target,pgv,overall,under05,0.11214591659241178,195,5649,64
20.0,ca_urc,unseen_station_target,pgv,high_motion_tail,mae,0.9605860284449109,30,242,51
20.0,ca_urc,unseen_station_target,pgv,high_motion_tail,bias,-0.8939904398336975,30,242,51
20.0,ca_urc,unseen_station_target,pgv,high_motion_tail,factor2,0.12004979769685652,30,242,51
20.0,ca_urc,unseen_station_target,pgv,high_motion_tail,under05,0.7841405802086917,30,242,51
30.0,cross_attention_base,seen_target,pga,overall,mae,0.3079274412928083,195,7148,259
30.0,cross_attention_base,seen_target,pga,overall,bias,-0.10037272110352437,195,7148,259
30.0,cross_attention_base,seen_target,pga,overall,factor2,0.6075257152643633,195,7148,259
30.0,cross_attention_base,seen_target,pga,overall,under05,0.1358559614429067,195,7148,259
30.0,cross_attention_base,seen_target,pga,high_motion_tail,mae,0.8252543161405351,41,264,134
30.0,cross_attention_base,seen_target,pga,high_motion_tail,bias,-0.8128769375197012,41,264,134
30.0,cross_attention_base,seen_target,pga,high_motion_tail,factor2,0.1563605930176949,41,264,134
30.0,cross_attention_base,seen_target,pga,high_motion_tail,under05,0.7591824369301149,41,264,134
30.0,cross_attention_base,seen_target,pgv,overall,mae,0.2964818430196389,195,7148,259
30.0,cross_attention_base,seen_target,pgv,overall,bias,-0.15678425358821557,195,7148,259
30.0,cross_attention_base,seen_target,pgv,overall,factor2,0.650374056580197,195,7148,259
30.0,cross_attention_base,seen_target,pgv,overall,under05,0.14064392536141762,195,7148,259
30.0,cross_attention_base,seen_target,pgv,high_motion_tail,mae,0.9266260582320673,36,316,143
30.0,cross_attention_base,seen_target,pgv,high_motion_tail,bias,-0.8904736742604299,36,316,143
30.0,cross_attention_base,seen_target,pgv,high_motion_tail,factor2,0.09259296011101996,36,316,143
30.0,cross_attention_base,seen_target,pgv,high_motion_tail,under05,0.8189286824477744,36,316,143
30.0,ca_urc,seen_target,pga,overall,mae,0.3037582361748275,195,7148,259
30.0,ca_urc,seen_target,pga,overall,bias,-0.03896160214853692,195,7148,259
30.0,ca_urc,seen_target,pga,overall,factor2,0.6004972855088955,195,7148,259
30.0,ca_urc,seen_target,pga,overall,under05,0.11103448351900362,195,7148,259
30.0,ca_urc,seen_target,pga,high_motion_tail,mae,0.7555644942564476,41,264,134
30.0,ca_urc,seen_target,pga,high_motion_tail,bias,-0.7395929221962771,41,264,134
30.0,ca_urc,seen_target,pga,high_motion_tail,factor2,0.16583844180687796,41,264,134
30.0,ca_urc,seen_target,pga,high_motion_tail,under05,0.6617007866281067,41,264,134
30.0,ca_urc,seen_target,pgv,overall,mae,0.28442219491312765,195,7148,259
30.0,ca_urc,seen_target,pgv,overall,bias,-0.10634890770546009,195,7148,259
30.0,ca_urc,seen_target,pgv,overall,factor2,0.667867452274057,195,7148,259
30.0,ca_urc,seen_target,pgv,overall,under05,0.11819396667048887,195,7148,259
30.0,ca_urc,seen_target,pgv,high_motion_tail,mae,0.8519261335684322,36,316,143
30.0,ca_urc,seen_target,pgv,high_motion_tail,bias,-0.8152414293707193,36,316,143
30.0,ca_urc,seen_target,pgv,high_motion_tail,factor2,0.13681839698351567,36,316,143
30.0,ca_urc,seen_target,pgv,high_motion_tail,under05,0.775816271791504,36,316,143
30.0,cross_attention_base,unseen_station_target,pga,overall,mae,0.35459224839105474,195,7148,64
30.0,cross_attention_base,unseen_station_target,pga,overall,bias,-0.03485504433104801,195,7148,64
30.0,cross_attention_base,unseen_station_target,pga,overall,factor2,0.5197276320934732,195,7148,64
30.0,cross_attention_base,unseen_station_target,pga,overall,under05,0.14495029680788196,195,7148,64
30.0,cross_attention_base,unseen_station_target,pga,high_motion_tail,mae,0.8447980866762241,39,290,50
30.0,cross_attention_base,unseen_station_target,pga,high_motion_tail,bias,-0.8387172985909603,39,290,50
30.0,cross_attention_base,unseen_station_target,pga,high_motion_tail,factor2,0.08007947218473535,39,290,50
30.0,cross_attention_base,unseen_station_target,pga,high_motion_tail,under05,0.8253069513905427,39,290,50
30.0,cross_attention_base,unseen_station_target,pgv,overall,mae,0.30981871426342605,195,7148,64
30.0,cross_attention_base,unseen_station_target,pgv,overall,bias,-0.09647647149284846,195,7148,64
30.0,cross_attention_base,unseen_station_target,pgv,overall,factor2,0.621459334821048,195,7148,64
30.0,cross_attention_base,unseen_station_target,pgv,overall,under05,0.14176881473837097,195,7148,64
30.0,cross_attention_base,unseen_station_target,pgv,high_motion_tail,mae,0.9786862832876442,35,298,51
30.0,cross_attention_base,unseen_station_target,pgv,high_motion_tail,bias,-0.9303018726984064,35,298,51
30.0,cross_attention_base,unseen_station_target,pgv,high_motion_tail,factor2,0.09578431372549019,35,298,51
30.0,cross_attention_base,unseen_station_target,pgv,high_motion_tail,under05,0.8354938115597116,35,298,51
30.0,ca_urc,unseen_station_target,pga,overall,mae,0.35469217629523164,195,7148,64
30.0,ca_urc,unseen_station_target,pga,overall,bias,0.02398745378195085,195,7148,64
30.0,ca_urc,unseen_station_target,pga,overall,factor2,0.5230933842272851,195,7148,64
30.0,ca_urc,unseen_station_target,pga,overall,under05,0.11938456834225669,195,7148,64
30.0,ca_urc,unseen_station_target,pga,high_motion_tail,mae,0.7827558946120046,39,290,50
30.0,ca_urc,unseen_station_target,pga,high_motion_tail,bias,-0.7677291180826992,39,290,50
30.0,ca_urc,unseen_station_target,pga,high_motion_tail,factor2,0.09900593615763896,39,290,50
30.0,ca_urc,unseen_station_target,pga,high_motion_tail,under05,0.7691229393241777,39,290,50
30.0,ca_urc,unseen_station_target,pgv,overall,mae,0.30403242794702756,195,7148,64
30.0,ca_urc,unseen_station_target,pgv,overall,bias,-0.046638683237857,195,7148,64
30.0,ca_urc,unseen_station_target,pgv,overall,factor2,0.626776495873503,195,7148,64
30.0,ca_urc,unseen_station_target,pgv,overall,under05,0.1134516926428691,195,7148,64
30.0,ca_urc,unseen_station_target,pgv,high_motion_tail,mae,0.9157259546465208,35,298,51
30.0,ca_urc,unseen_station_target,pgv,high_motion_tail,bias,-0.8608187465017528,35,298,51
30.0,ca_urc,unseen_station_target,pgv,high_motion_tail,factor2,0.11165066026410565,35,298,51
30.0,ca_urc,unseen_station_target,pgv,high_motion_tail,under05,0.7773233854945487,35,298,51
