method,quantity,population,metric,value,n_events,n_event_repeats,n_target_rows
cross_attention_base,pga,overall,mae,0.30594094227500523,224,4480,44800
cross_attention_base,pga,overall,bias,-0.006910699342843143,224,4480,44800
cross_attention_base,pga,overall,factor2,0.5766071428571429,224,4480,44800
cross_attention_base,pga,overall,factor3,0.799263392857143,224,4480,44800
cross_attention_base,pga,overall,under05,0.10511160714285715,224,4480,44800
cross_attention_base,pga,high_motion_tail,mae,0.639199011276043,98,598,1363
cross_attention_base,pga,high_motion_tail,bias,-0.6362259294842356,98,598,1363
cross_attention_base,pga,high_motion_tail,factor2,0.14576033341110423,98,598,1363
cross_attention_base,pga,high_motion_tail,factor3,0.3129089974829455,98,598,1363
cross_attention_base,pga,high_motion_tail,under05,0.6399902758627565,98,598,1363
cross_attention_base,pga,non_tail,mae,0.2947549409085486,224,4463,43437
cross_attention_base,pga,non_tail,bias,0.009771416690439908,224,4463,43437
cross_attention_base,pga,non_tail,factor2,0.5852526218820862,224,4463,43437
cross_attention_base,pga,non_tail,factor3,0.8125935669406651,224,4463,43437
cross_attention_base,pga,non_tail,under05,0.08988794997165532,224,4463,43437
dual_risk_gate,pga,overall,mae,0.30517064869969285,224,4480,44800
dual_risk_gate,pga,overall,bias,-0.0005451998836360851,224,4480,44800
dual_risk_gate,pga,overall,factor2,0.57703125,224,4480,44800
dual_risk_gate,pga,overall,factor3,0.7994642857142857,224,4480,44800
dual_risk_gate,pga,overall,under05,0.10183035714285714,224,4480,44800
dual_risk_gate,pga,high_motion_tail,mae,0.5946197123015862,98,598,1363
dual_risk_gate,pga,high_motion_tail,bias,-0.5573379718244471,98,598,1363
dual_risk_gate,pga,high_motion_tail,factor2,0.19773603667562567,98,598,1363
dual_risk_gate,pga,high_motion_tail,factor3,0.3628299460590798,98,598,1363
dual_risk_gate,pga,high_motion_tail,under05,0.5736423677278308,98,598,1363
dual_risk_gate,pga,non_tail,mae,0.29650044398056025,224,4463,43437
dual_risk_gate,pga,non_tail,bias,0.013158588090708063,224,4463,43437
dual_risk_gate,pga,non_tail,factor2,0.583726881377551,224,4463,43437
dual_risk_gate,pga,non_tail,factor3,0.8098822219860166,224,4463,43437
dual_risk_gate,pga,non_tail,under05,0.08971867913832199,224,4463,43437
cross_attention_base,pgv,overall,mae,0.26576737405998363,224,4480,44800
cross_attention_base,pgv,overall,bias,-0.028980935066938402,224,4480,44800
cross_attention_base,pgv,overall,factor2,0.6720535714285714,224,4480,44800
cross_attention_base,pgv,overall,factor3,0.8469866071428571,224,4480,44800
cross_attention_base,pgv,overall,under05,0.09238839285714286,224,4480,44800
cross_attention_base,pgv,high_motion_tail,mae,0.7469587083547743,87,560,1485
cross_attention_base,pgv,high_motion_tail,bias,-0.7216697705469541,87,560,1485
cross_attention_base,pgv,high_motion_tail,factor2,0.10631775756860273,87,560,1485
cross_attention_base,pgv,high_motion_tail,factor3,0.2622215053045362,87,560,1485
cross_attention_base,pgv,high_motion_tail,under05,0.7145673644074947,87,560,1485
cross_attention_base,pgv,non_tail,mae,0.2556864133357214,224,4456,43315
cross_attention_base,pgv,non_tail,bias,-0.010314950886947087,224,4456,43315
cross_attention_base,pgv,non_tail,factor2,0.6821174028822055,224,4456,43315
cross_attention_base,pgv,non_tail,factor3,0.8591949553944385,224,4456,43315
cross_attention_base,pgv,non_tail,under05,0.07646948472371405,224,4456,43315
dual_risk_gate,pgv,overall,mae,0.2670999830056514,224,4480,44800
dual_risk_gate,pgv,overall,bias,-0.021266628918903217,224,4480,44800
dual_risk_gate,pgv,overall,factor2,0.6717857142857143,224,4480,44800
dual_risk_gate,pgv,overall,factor3,0.8465848214285714,224,4480,44800
dual_risk_gate,pgv,overall,under05,0.08904017857142857,224,4480,44800
dual_risk_gate,pgv,high_motion_tail,mae,0.7317439035057788,87,560,1485
dual_risk_gate,pgv,high_motion_tail,bias,-0.6649617284100219,87,560,1485
dual_risk_gate,pgv,high_motion_tail,factor2,0.12973325422184004,87,560,1485
dual_risk_gate,pgv,high_motion_tail,factor3,0.2949695088427251,87,560,1485
dual_risk_gate,pgv,high_motion_tail,under05,0.6706317636252959,87,560,1485
dual_risk_gate,pgv,non_tail,mae,0.25977411010257256,224,4456,43315
dual_risk_gate,pgv,non_tail,bias,-0.0050947153482804874,224,4456,43315
dual_risk_gate,pgv,non_tail,factor2,0.6804286199128774,224,4456,43315
dual_risk_gate,pgv,non_tail,factor3,0.8561206075083543,224,4456,43315
dual_risk_gate,pgv,non_tail,under05,0.07639445992212675,224,4456,43315
