quantity,population,metric,base_value,base_ci_lower,base_ci_upper,ca_urc_value,ca_urc_ci_lower,ca_urc_ci_upper,delta_ca_urc_minus_base,delta_ci_lower,delta_ci_upper,relative_change_percent,delta_percentage_points,bootstrap_probability_ca_urc_lower,confidence_level,bootstrap_repetitions,bootstrap_mode,n_events,n_sequence_groups,n_target_rows
pga,overall,mae,0.30594094227500523,0.2816161267352471,0.33228571802874907,0.3055312032375342,0.2799059614419571,0.33121107055893073,-0.00040973903747104634,-0.005845533825208428,0.003571660814688986,-0.13392749411837096,,0.5864,0.95,10000,hierarchical_sequence_event,224,22,44800
pga,overall,bias,-0.00691069934284314,-0.060450886398985236,0.033096842936226056,0.03168396971778346,-0.023083908112124723,0.07392205045320449,0.0385946690606266,0.030849421579433475,0.04493208028519046,558.4770389496979,,0.0,0.95,10000,hierarchical_sequence_event,224,22,44800
pga,overall,factor2,0.5766071428571429,0.5427346403301887,0.6101648341049385,0.5752008928571428,0.5403895385463423,0.6124135940146809,-0.0014062500000000533,-0.009020157894736867,0.008870527306968036,,-0.14062500000000533,0.6042,0.95,10000,hierarchical_sequence_event,224,22,44800
pga,overall,under05,0.10511160714285715,0.0845781176849251,0.1335049978270317,0.08845982142857144,0.07088610579551669,0.11368928432962075,-0.016651785714285716,-0.02128863866396762,-0.012167963476826166,,-1.6651785714285716,1.0,0.95,10000,hierarchical_sequence_event,224,22,44800
pga,overall,over05,0.07578125000000001,0.04297394902234639,0.10411454154328653,0.09348214285714286,0.05496938874902595,0.1264124447310243,0.017700892857142853,0.011451565184195451,0.02299301075268819,,1.7700892857142851,0.0,0.95,10000,hierarchical_sequence_event,224,22,44800
pga,non_tail,mae,0.2947549409085486,0.2752071121990356,0.31549110652426726,0.2959572782784248,0.27321527744915797,0.31822957199055385,0.001202337369876183,-0.004399757717801569,0.005507620366684144,0.4079108449107298,,0.3449,0.95,10000,hierarchical_sequence_event,224,22,43437
pga,non_tail,bias,0.009771416690439915,-0.04451656939057509,0.05065900900237421,0.04757525521945329,-0.009000034073536663,0.0910599328541623,0.03780383852901338,0.0305732589492763,0.04382875967637959,386.8818588608509,,0.0,0.95,10000,hierarchical_sequence_event,224,22,43437
pga,non_tail,factor2,0.5852526218820862,0.5544656039858472,0.616145522228685,0.5841087667705971,0.552210717260022,0.619295374606324,-0.0011438551114890672,-0.009146716362256165,0.009806070342998878,,-0.11438551114890672,0.5787,0.95,10000,hierarchical_sequence_event,224,22,43437
pga,non_tail,under05,0.08988794997165532,0.07372273192177783,0.11225942035478065,0.0734234162414966,0.059810891466515685,0.09234421236795202,-0.016464533730158715,-0.021814620475148747,-0.011796544615420157,,-1.6464533730158715,1.0,0.95,10000,hierarchical_sequence_event,224,22,43437
pga,non_tail,over05,0.07745816208427815,0.043224906806156815,0.1071785639967369,0.09544595616024187,0.05547288241896085,0.12939938976284954,0.017987794075963723,0.011465183833482778,0.023431025480367584,,1.7987794075963723,0.0,0.95,10000,hierarchical_sequence_event,224,22,43437
pga,high_motion_tail,mae,0.6391990112760431,0.5809920287854458,0.7224435903796311,0.566924828426537,0.5089300483176726,0.6554659478596712,-0.07227418284950604,-0.07804854302275742,-0.06140483947860622,-11.3069922785431,,1.0,0.95,10000,hierarchical_sequence_event,98,21,1363
pga,high_motion_tail,bias,-0.6362259294842358,-0.7217519265430145,-0.5771718408070354,-0.559836480197321,-0.6508793959217433,-0.500427857132776,0.07638944928691482,0.06413676456069307,0.08286439131539171,12.006654514826336,,0.0,0.95,10000,hierarchical_sequence_event,98,21,1363
pga,high_motion_tail,factor2,0.14576033341110423,0.06604789572217334,0.2133587638760228,0.20506745116593003,0.1277941818346432,0.28127337208219244,0.059307117754825806,0.026975116990083117,0.12710157268722952,,5.930711775482581,0.0,0.95,10000,hierarchical_sequence_event,98,21,1363
pga,high_motion_tail,under05,0.6399902758627565,0.5478368384126743,0.7581182608561423,0.5380486882988936,0.4348556025380647,0.6436286269752903,-0.10194158756386285,-0.20055198796021678,-0.04947486889165172,,-10.194158756386285,1.0,0.95,10000,hierarchical_sequence_event,98,21,1363
pga,high_motion_tail,over05,0.00031887755102040814,0.0,0.0016025641025641025,0.0004039115646258503,0.0,0.0020299145299145296,8.503401360544218e-05,0.0,0.00042735042735042713,,0.008503401360544218,0.0,0.95,10000,hierarchical_sequence_event,98,21,1363
pgv,overall,mae,0.26576737405998363,0.23724425077913924,0.2923696200000407,0.26348631560442926,0.23494347285013906,0.28941006761338395,-0.0022810584555543745,-0.006932677529542091,0.0014126453837620878,-0.8582913774207439,,0.8814,0.95,10000,hierarchical_sequence_event,224,22,44800
pgv,overall,bias,-0.028980935066938395,-0.08050284689704638,0.008117023191932266,0.00587203161267746,-0.04641928897588531,0.0434235579227355,0.034852966679615856,0.025692467310027237,0.043841135585166176,120.26170514896984,,0.0,0.95,10000,hierarchical_sequence_event,224,22,44800
pgv,overall,factor2,0.6720535714285714,0.6280519905709795,0.7233964379669579,0.6696875,0.6235770905923346,0.7245734530175706,-0.00236607142857137,-0.010241007720201234,0.007484954346963028,,-0.23660714285713702,0.6925,0.95,10000,hierarchical_sequence_event,224,22,44800
pgv,overall,under05,0.09238839285714286,0.06881630552153173,0.1226014690827191,0.07785714285714286,0.05764598886123948,0.10458145530939648,-0.014531249999999996,-0.020020763439980358,-0.00962764790966777,,-1.4531249999999996,1.0,0.95,10000,hierarchical_sequence_event,224,22,44800
pgv,overall,over05,0.046450892857142864,0.02377769886363637,0.06532193736283368,0.05970982142857144,0.031725062592047146,0.08241744402985074,0.013258928571428574,0.006711920766590388,0.019850595238095216,,1.3258928571428574,0.0,0.95,10000,hierarchical_sequence_event,224,22,44800
pgv,non_tail,mae,0.2556864133357214,0.23155081902464686,0.2776764939590048,0.25563512926833176,0.22985171544588381,0.2788492942636378,-5.12840673896342e-05,-0.004995924126015934,0.0037960322706260476,-0.02005740810415968,,0.5286,0.95,10000,hierarchical_sequence_event,224,22,43315
pgv,non_tail,bias,-0.010314950886947085,-0.06354676581247412,0.028814019767653416,0.023344174753441138,-0.03189866953096319,0.0648325802751042,0.03365912564038823,0.024649147781630944,0.04267955519836004,326.31396900766356,,0.0,0.95,10000,hierarchical_sequence_event,224,22,43315
pgv,non_tail,factor2,0.6821174028822055,0.6418913715338532,0.7295092561724816,0.6795292034028524,0.6364431045325846,0.7308902390145248,-0.0025881994793530705,-0.011004748025109895,0.007962414367155456,,-0.25881994793530705,0.7064,0.95,10000,hierarchical_sequence_event,224,22,43315
pgv,non_tail,under05,0.07646948472371405,0.057837145445338,0.10221201759281014,0.06361154467269363,0.04767895237644567,0.08686843207423825,-0.012857940051020422,-0.017463228932602094,-0.008412404172722926,,-1.2857940051020422,1.0,0.95,10000,hierarchical_sequence_event,224,22,43315
pgv,non_tail,over05,0.04985357739587063,0.024876872928658644,0.07163770868316502,0.06363629964047023,0.0330046007586107,0.08977887141463521,0.013782722244599595,0.006836817969063622,0.0208971491164049,,1.3782722244599594,0.0,0.95,10000,hierarchical_sequence_event,224,22,43315
pgv,high_motion_tail,mae,0.7469587083547743,0.627113904043868,0.9836697513762886,0.6484098234134111,0.5263625079691471,0.891648218097012,-0.09854888494136316,-0.11228222414996518,-0.08495964280682296,-13.193351096799386,,1.0,0.95,10000,hierarchical_sequence_event,87,18,1485
pgv,high_motion_tail,bias,-0.7216697705469542,-0.9753865043422455,-0.5909530431036026,-0.6131339489071744,-0.8773927009705632,-0.47828820668218774,0.10853582163977982,0.09348435959930067,0.12128107278158155,15.039541085047864,,0.0,0.95,10000,hierarchical_sequence_event,87,18,1485
pgv,high_motion_tail,factor2,0.10631775756860273,0.030443903318903325,0.15833018420579895,0.20573960570130637,0.08924611879008286,0.28213892395315376,0.09942184813270363,0.03591335057062233,0.16802898711391182,,9.942184813270364,0.001,0.95,10000,hierarchical_sequence_event,87,18,1485
pgv,high_motion_tail,under05,0.7145673644074947,0.6168393411934596,0.8745596344582424,0.6035403025075545,0.4863378515577253,0.7805146764480646,-0.11102706189994016,-0.20367612625313286,-0.05480421185494379,,-11.102706189994016,1.0,0.95,10000,hierarchical_sequence_event,87,18,1485
pgv,high_motion_tail,over05,0.005967504969319851,0.0,0.013385620915032677,0.0069381307675318565,0.0,0.014560631245201074,0.0009706257982120053,0.0,0.002283553878681829,,0.09706257982120053,0.0,0.95,10000,hierarchical_sequence_event,87,18,1485
