quantity,lead_bin,cross_attention_value,ca_urc_value,delta_caurc_minus_base,delta_ci_lower,delta_ci_upper,reduction_percent,reduction_ci_lower,reduction_ci_upper,n_events
pga,0-1,0.560225617972513,0.4775078496617018,-0.0827177683108111,-0.0987528537394875,-0.0686330185327817,14.765081363142798,12.250960386490059,17.6273363036984,40
pga,1-2,0.5764574890158006,0.5025710662686377,-0.0738864227471629,-0.0892901779237907,-0.0230014232544037,12.817323767154264,3.990133477782476,15.489464466189503,28
pga,2-5,0.7040162438501664,0.6202265340903644,-0.0837897097598019,-0.0945815120713047,-0.0614259806842604,11.901672794020731,8.725080027746278,13.43456388932898,36
pga,5-10,0.5753067362022395,0.4972127937095095,-0.0780939424927298,-0.0901979380950181,-0.057971885207982,13.574313940464132,10.076691538616533,15.67823430861246,51
pga,10-20,0.7310097642600606,0.6414954429727355,-0.089514321287325,-0.1018149304260778,-0.0774408073509733,12.245297623067017,10.59367619109166,13.92798501523936,32
pga,>=20,0.9238124256544968,0.8447366631219579,-0.0790757625325387,-0.0922928816125823,-0.0670821989231322,8.559720603077578,7.261452331690195,9.990435184631254,25
pgv,0-1,0.6346327893317691,0.5141390171421646,-0.1204937721896044,-0.1433835505503879,-0.0848805779132107,18.986376722904158,13.374754557290515,22.593151970821157,21
pgv,1-2,0.5596720282959216,0.4464278781178984,-0.113244150178023,-0.1345040935280919,-0.0940239846493542,20.234020006829102,16.799836314070685,24.032663189837685,20
pgv,2-5,0.6884994213156372,0.5833918268416809,-0.1051075944739561,-0.1337840002677532,-0.0713911597486696,15.266184868116298,10.369095098475162,19.431243676589954,26
pgv,5-10,0.6317697720943356,0.5351065697073395,-0.096663202386996,-0.1191345750050756,-0.071854643762082,15.300384199540696,11.373548867949431,18.85727685421557,49
pgv,10-20,0.6818916574802564,0.5649290121163549,-0.1169626453639013,-0.1418349274878846,-0.0935560246927678,17.152672874178382,13.720071754284021,20.800214510908766,35
pgv,>=20,0.8682823541582207,0.791547093713316,-0.0767352604449045,-0.0986631196884133,-0.0500320505218619,8.837592987743893,5.762186722125292,11.363022548588457,38
