quantity,population,metric,reference,candidate,reference_value,candidate_value,point_delta_candidate_minus_reference,ci95_low,ci95_high,ci_excludes_zero,two_sided_bootstrap_sign_p,n_paired_events,bootstrap_repetitions,relative_change_percent,delta_percentage_points
pga,overall,mae,cross_attention_base,ca_urc,0.3877214098087279,0.3860305744768508,-0.0016908353318770685,-0.0036383835728435445,0.00021814633455748548,False,0.08639136086391361,192,10000,-0.4360954255044099,
pga,overall,bias,cross_attention_base,ca_urc,-0.019901151736460936,0.012174248665687629,0.03207540040214856,0.030943916567834094,0.033218666843061025,True,0.00019998000199980003,192,10000,,
pga,overall,factor2,cross_attention_base,ca_urc,0.47411458333333334,0.47528645833333333,0.0011718749999999995,-0.0022656249999999985,0.00455729166666667,False,0.5085491450854914,192,10000,,0.11718749999999996
pga,overall,under05,cross_attention_base,ca_urc,0.15997395833333336,0.14369791666666668,-0.016276041666666668,-0.018385416666666668,-0.014244791666666666,True,0.00019998000199980003,192,10000,,-1.6276041666666667
pga,high_motion_tail,mae,cross_attention_base,ca_urc,0.5997043254936191,0.5670236078449408,-0.032680717648678116,-0.03496161518183472,-0.030386246406506348,True,0.00019998000199980003,188,10000,-5.449471724550008,
pga,high_motion_tail,bias,cross_attention_base,ca_urc,-0.5779384504102798,-0.5395698872277471,0.038368563182532636,0.03664784167671682,0.04007199548292537,True,0.00019998000199980003,188,10000,,
pga,high_motion_tail,factor2,cross_attention_base,ca_urc,0.26129780439023903,0.29536251270122965,0.03406470831099067,0.022519959495817476,0.04662946466388937,True,0.00019998000199980003,188,10000,,3.406470831099067
pga,high_motion_tail,under05,cross_attention_base,ca_urc,0.5397274188144767,0.49700641887692115,-0.042720999937555584,-0.05367631434828403,-0.03293104450739586,True,0.00019998000199980003,188,10000,,-4.272099993755559
pgv,overall,mae,cross_attention_base,ca_urc,0.3462602202252795,0.3456112714577466,-0.0006489487675329013,-0.0020797287663444886,0.0007504837652668382,False,0.35076492350764926,192,10000,-0.1874164947710974,
pgv,overall,bias,cross_attention_base,ca_urc,-0.04259415372274816,-0.02162857810345789,0.020965575619290272,0.020024803972803058,0.021913586172585688,True,0.00019998000199980003,192,10000,,
pgv,overall,factor2,cross_attention_base,ca_urc,0.5340625,0.5315885416666667,-0.0024739583333333263,-0.005208333333333331,0.00026041666666668173,False,0.0761923807619238,192,10000,,-0.24739583333333262
pgv,overall,under05,cross_attention_base,ca_urc,0.14684895833333333,0.13708333333333333,-0.009765625000000002,-0.011276041666666667,-0.008307291666666668,True,0.00019998000199980003,192,10000,,-0.9765625000000002
pgv,high_motion_tail,mae,cross_attention_base,ca_urc,0.7061550174910306,0.6706384070107454,-0.03551661048028525,-0.037997247420312914,-0.033103113603798584,True,0.00019998000199980003,186,10000,-5.029577019289023,
pgv,high_motion_tail,bias,cross_attention_base,ca_urc,-0.6887776909314263,-0.648602140613471,0.04017555031795523,0.037805088808959615,0.04251922021417695,True,0.00019998000199980003,186,10000,,
pgv,high_motion_tail,factor2,cross_attention_base,ca_urc,0.18265118326520796,0.22545470424113606,0.0428035209759281,0.030692567066561344,0.056327380472976876,True,0.00019998000199980003,186,10000,,4.28035209759281
pgv,high_motion_tail,under05,cross_attention_base,ca_urc,0.6566968487733993,0.6109448003443934,-0.04575204842900588,-0.055792338617932535,-0.03626256884050867,True,0.00019998000199980003,186,10000,,-4.575204842900589
