variant,epoch,learning_rate,train_loss,train_mae_pga,train_mae_pgv,validation_loss,validation_mae_pga,validation_mae_pgv
attention_no_p_offset,1,0.001,0.5571160892211058,0.826745331287384,0.9753925204277039,0.1699116217053455,0.500391960144043,0.4407605826854706
attention_no_p_offset,2,0.001,0.18822520181749727,0.5084534883499146,0.4790476858615875,0.18422486048773676,0.5105080604553223,0.4564565420150757
attention_no_p_offset,3,0.001,0.17692799483957763,0.4968843162059784,0.45496314764022827,0.16529944452686587,0.49847108125686646,0.4229523539543152
attention_no_p_offset,4,0.001,0.17339269039859484,0.49348679184913635,0.44400835037231445,0.162894690502285,0.4969594180583954,0.4187271296977997
attention_no_p_offset,5,0.001,0.16796636880948024,0.4822905361652374,0.4413382112979889,0.1655820337470603,0.48905545473098755,0.41910186409950256
attention_no_p_offset,6,0.001,0.16898377909567097,0.4847716987133026,0.4423361122608185,0.15508184556799812,0.4858417809009552,0.39813336730003357
attention_no_p_offset,7,0.001,0.14550712617557524,0.4509738087654114,0.4056060016155243,0.14316549971579737,0.4560842514038086,0.3854435682296753
attention_no_p_offset,8,0.001,0.144231549599674,0.44771164655685425,0.4045924246311188,0.14305589682814004,0.4391189515590668,0.3997223973274231
attention_no_p_offset,9,0.001,0.140819826861256,0.4397900700569153,0.4042870104312897,0.11824409771656645,0.4174325466156006,0.3571794629096985
attention_no_p_offset,10,0.001,0.13135655124063148,0.42217010259628296,0.388663649559021,0.12132961791302654,0.42117735743522644,0.3585284948348999
attention_no_p_offset,11,0.001,0.12514699061218684,0.41394948959350586,0.37935054302215576,0.13223883725594784,0.41485396027565,0.39139705896377563
attention_no_p_offset,12,0.001,0.11553729121879533,0.39471495151519775,0.36517730355262756,0.11209704406595461,0.398944616317749,0.3447154462337494
attention_no_p_offset,13,0.001,0.1237167276636305,0.4057469666004181,0.3796551525592804,0.1117713428829795,0.3926401734352112,0.35020411014556885
attention_no_p_offset,14,0.001,0.11322627554328829,0.3921203017234802,0.3589647114276886,0.10856295159857438,0.391737699508667,0.3507601022720337
attention_no_p_offset,15,0.001,0.11301634791546053,0.38720354437828064,0.36398348212242126,0.11088235477126547,0.4008220434188843,0.34025588631629944
attention_no_p_offset,16,0.001,0.11463994317890917,0.39182016253471375,0.36608511209487915,0.1337012402869269,0.4448651075363159,0.40426114201545715
attention_no_p_offset,17,0.001,0.11031746481450493,0.38371193408966064,0.3557826280593872,0.10383314280598252,0.39381420612335205,0.3351694643497467
attention_no_p_offset,18,0.001,0.11007934160486703,0.3837656080722809,0.35741037130355835,0.11026995483899846,0.3888947069644928,0.3479333817958832
attention_no_p_offset,19,0.001,0.10862004053853358,0.38067126274108887,0.35660892724990845,0.1064971965196244,0.38467147946357727,0.3401642441749573
attention_no_p_offset,20,0.001,0.11037141603517171,0.3851317763328552,0.35732755064964294,0.10761199267686085,0.38749173283576965,0.3403441905975342
attention_no_p_offset,21,0.001,0.10820544949091213,0.38277241587638855,0.3545866012573242,0.10375144569002295,0.38343971967697144,0.3358796238899231
attention_no_p_offset,22,0.001,0.10438751737619269,0.3732166886329651,0.34778326749801636,0.11040414819394909,0.3847035765647888,0.3526863753795624
attention_no_p_offset,23,0.001,0.10538847872296535,0.3764982223510742,0.34642884135246277,0.09574841118857097,0.3676011562347412,0.3218720853328705
attention_no_p_offset,24,0.001,0.105397933635068,0.3766200840473175,0.3433128595352173,0.11202260458335017,0.4008333683013916,0.3691875636577606
attention_no_p_offset,25,0.001,0.09864421650654534,0.3648928999900818,0.33626028895378113,0.09229763699230556,0.35896480083465576,0.31709024310112
attention_no_p_offset,26,0.001,0.10254778955492079,0.37040475010871887,0.34191128611564636,0.09087698461544878,0.35554561018943787,0.314370721578598
attention_no_p_offset,27,0.001,0.10667232271750701,0.37892022728919983,0.35048913955688477,0.10073739489399484,0.3722535967826843,0.33353909850120544
attention_no_p_offset,28,0.001,0.10167988564559048,0.36958128213882446,0.3363505005836487,0.10508440557309395,0.3830004632472992,0.3561389446258545
attention_no_p_offset,29,0.001,0.10099613080012688,0.3670744001865387,0.33898746967315674,0.0935310091757352,0.36430832743644714,0.3189161717891693
attention_no_p_offset,30,0.001,0.10102527967714481,0.36641725897789,0.33874133229255676,0.09891363433689696,0.37625038623809814,0.3306587040424347
attention_no_p_offset,31,0.0005,0.10239958387773712,0.36956581473350525,0.34136271476745605,0.09830398663230565,0.3592648506164551,0.3316602408885956
attention_no_p_offset,32,0.0005,0.09239538143646626,0.35266029834747314,0.3243227005004883,0.08949725704204634,0.3567861020565033,0.3170008063316345
attention_no_p_offset,33,0.0005,0.0919534630033276,0.35430842638015747,0.3189470171928406,0.086447822658912,0.35063886642456055,0.3098944127559662
attention_no_p_offset,34,0.0005,0.09224528306742694,0.35402217507362366,0.3193541467189789,0.08978920534325106,0.3477061688899994,0.3133489787578583
attention_no_p_offset,35,0.0005,0.09197524865451633,0.3525713086128235,0.31799259781837463,0.08380023470439389,0.34147772192955017,0.3001909852027893
attention_no_p_offset,36,0.0005,0.08698934942007666,0.34469497203826904,0.3121754825115204,0.08405834479608397,0.345004677772522,0.300022155046463
attention_no_p_offset,37,0.0005,0.0909034550265167,0.35145658254623413,0.3174271285533905,0.08492384102321478,0.347312867641449,0.3041551411151886
attention_no_p_offset,38,0.0005,0.08935123737791789,0.34719792008399963,0.31325453519821167,0.08624852946607003,0.34769386053085327,0.3075709939002991
attention_no_p_offset,39,0.0005,0.08851888957546979,0.3465329706668854,0.3108746409416199,0.08462533918651789,0.3409290015697479,0.3017500340938568
attention_no_p_offset,40,0.00025,0.08809353225716429,0.34377869963645935,0.30967652797698975,0.09858930010150596,0.3616635501384735,0.32746198773384094
attention_no_p_offset,41,0.00025,0.08502776737194086,0.33963972330093384,0.3034919798374176,0.08333874780582728,0.33791881799697876,0.29931965470314026
attention_no_p_offset,42,0.00025,0.08471200806288483,0.33996427059173584,0.30530744791030884,0.08741731920104095,0.3450729250907898,0.3063105344772339
attention_no_p_offset,43,0.00025,0.08600785186916865,0.33838319778442383,0.3045670986175537,0.08691718668081526,0.34699395298957825,0.3065272867679596
attention_no_p_offset,44,0.00025,0.08530372831754267,0.34246569871902466,0.3053742051124573,0.08417209786109495,0.3391231298446655,0.29661306738853455
attention_no_p_offset,45,0.00025,0.08318916839822388,0.3382672965526581,0.296608567237854,0.08496078488907376,0.3407081067562103,0.3018157482147217
attention_no_p_offset,46,0.000125,0.08378390957193278,0.3367728292942047,0.29808127880096436,0.08514592315455757,0.34085673093795776,0.3017962574958801
attention_no_p_offset,47,0.000125,0.0825450747916937,0.3365844488143921,0.29931798577308655,0.0802035598795195,0.3324824571609497,0.2917275130748749
attention_no_p_offset,48,0.000125,0.0816130610551024,0.3330894410610199,0.29688966274261475,0.08224709430370546,0.3396371603012085,0.2979668080806732
attention_no_p_offset,49,0.000125,0.07949750716942915,0.33078938722610474,0.29244402050971985,0.08149798600761979,0.33623576164245605,0.296354204416275
attention_no_p_offset,50,0.000125,0.08079557406541377,0.3311382532119751,0.2944644093513489,0.08248788084768827,0.3331919312477112,0.29644638299942017
