station_id,latitude,longitude,n_occurrences
CI.DRE.--,32.805320739746094,-115.44679260253906,704
CI.WES.--,32.75904083251953,-115.73161315917969,616
CI.BTC.--,33.01213073730469,-115.2198715209961,396
CI.GLA.--,33.051490783691406,-114.82705688476562,677
CI.SWS.--,32.9450798034668,-115.79988098144531,724
CI.DVT.--,32.659149169921875,-116.1006088256836,3
CI.RXH.--,33.183128356933594,-115.62256622314453,716
CI.ERR.--,33.116668461086036,-115.82269140923773,715
CI.BOM.--,33.36465072631836,-115.72962951660156,713
CI.SAL.--,33.28010177612305,-115.98584747314453,724
CI.SLB.--,33.485191345214844,-115.8664321899414,721
CI.BC3.--,33.6551513671875,-115.45365905761719,706
CI.BAR.--,32.680049896240234,-116.67214965820312,739
CI.NSS2.--,33.5555305480957,-115.94586181640625,729
CI.BOR.--,33.2681999206543,-116.41716003417969,725
CI.JEM.--,33.08097839355469,-116.59754943847656,723
CI.CTC.--,33.65515899658203,-115.99005889892578,725
CI.THM.--,33.65066146850586,-116.07733917236328,689
CI.TOR.--,33.575260162353516,-116.22583770751953,739
CI.BLY.--,33.750301361083984,-114.52375030517578,675
CI.EML.--,32.890830993652344,-116.84565734863281,704
CI.OLP.--,32.60771179199219,-116.93019104003906,735
CI.SDR.--,32.73561096191406,-116.94241333007812,710
CI.PMD.--,33.647850036621094,-116.37769317626953,744
CI.DPP.--,32.9988899230957,-116.9418716430664,737
CI.DNR.--,33.56666946411133,-116.63056182861328,725
CI.PLM.--,33.35361099243164,-116.8626480102539,711
CI.SDG.--,32.784000396728516,-117.13804626464844,736
CI.MGE.--,33.81840896606445,-116.36873626708984,712
CI.BEL.--,34.0005989074707,-115.99819946289062,705
CI.IRM.--,34.157379150390625,-115.14512634277344,693
CI.PSD.--,33.82392883300781,-116.55026245117188,685
CI.WWC.--,33.94068145751953,-116.40876007080078,743
CI.DEV.--,33.935970306396484,-116.57794189453125,572
CI.BLA2.--,34.06930923461914,-116.38993072509766,718
CI.MCT.--,34.2264518737793,-116.04073333740234,676
CI.SLR.--,33.83359146118164,-116.79737091064453,708
CI.DGR.--,33.65000915527344,-117.00946807861328,734
CI.MSC.--,34.03852081298828,-116.64794921875,676
CI.MSJ.--,33.80801010131836,-116.96788787841797,682
CI.MUR.--,33.59999084472656,-117.19542694091797,693
CI.PDM.--,34.30335998535156,-114.14151763916016,276
CI.SNO.--,34.03514862060547,-116.80777740478516,592
CI.BBS.--,33.921390533447266,-116.98058319091797,569
CI.DAN.--,34.637451171875,-115.38114929199219,267
CI.PER.--,33.86164093017578,-117.20529174804688,463
CI.JVA.--,34.36621856689453,-116.61266326904297,932
CI.SDD.--,33.552589416503906,-117.66171264648438,223
CI.STG.--,33.66400146484375,-117.76856231689453,201
CI.PLS.--,33.7952995300293,-117.60906219482422,223
CI.SAN.--,33.70431900024414,-117.88578033447266,165
CI.LLS.--,33.684471130371094,-117.94303894042969,182
CI.CRN.--,33.87574005126953,-117.5610580444336,240
CI.RSB.--,33.97309875488281,-117.32720184326172,63
CI.RSS.--,33.973270416259766,-117.32673645019531,259
CI.OGC.--,33.78815841674805,-117.84400177001953,183
CI.SRN.--,33.82854080200195,-117.78938293457031,191
CI.RVR.--,33.99351119995117,-117.37545013427734,251
CI.CIA.--,33.40189743041992,-118.41502380371094,90
CI.SVD.--,34.106468200683594,-117.09822082519531,469
CI.BRE.--,33.80775833129883,-117.98116302490234,173
CI.MLS.--,34.004600524902344,-117.5616226196289,235
CI.CLT.--,34.092838287353516,-117.3168716430664,497
CI.CFS.00,34.10538864135742,-117.28286743164062,524
CI.HLN.--,34.121280670166016,-117.2189712524414,558
CI.FUL.--,33.871700286865234,-117.9225082397461,176
CI.CHN.--,33.9987907409668,-117.6804428100586,215
CI.LBW1.--,33.79800033569336,-118.08837127685547,38
CI.FON.--,34.099571228027344,-117.43875885009766,557
CI.OLI.--,33.94538879394531,-117.92372131347656,160
CI.DLA.--,33.84822082519531,-118.09623718261719,105
CI.FMP.--,33.71263885498047,-118.29380798339844,107
CI.STS.--,33.79032897949219,-118.19877624511719,108
CI.BBR.--,34.262298583984375,-116.9207534790039,963
CI.SBPX.--,34.232398986816406,-117.2348403930664,931
CI.PDU.--,34.12070083618164,-117.63807678222656,862
CI.WLT.--,34.00947952270508,-117.95076751708984,170
CI.LTP.--,33.881099700927734,-118.1756820678711,111
CI.PSR.--,34.0918083190918,-117.80709075927734,468
CI.RPV.--,33.74346160888672,-118.40412139892578,102
CI.LGB.--,33.97529983520508,-118.14917755126953,105
CI.LAF.--,33.86888885498047,-118.33142852783203,108
CI.RUS.--,34.050750732421875,-118.08078002929688,121
CI.RIO.--,34.10472869873047,-117.97956085205078,227
CI.BFS.--,34.23883056640625,-117.65853118896484,900
CI.WTT.--,33.94868850708008,-118.2554702758789,34
CI.LPC.--,34.314781188964844,-117.54641723632812,262
CI.CLC.--,35.815738677978516,-117.5975112915039,782
CI.CCC.--,35.52494812011719,-117.36453247070312,807
CI.SLA.--,35.89094924926758,-117.28331756591797,788
CI.LRL.--,35.47954177856445,-117.68212127685547,814
CI.MPM.--,36.05799102783203,-117.489013671875,725
CI.JRC2.--,35.98249053955078,-117.80885314941406,793
CI.WBS.--,35.53664016723633,-118.14035034179688,818
CI.GSC.--,35.3017692565918,-116.80574035644531,782
CI.LMR2.--,34.934391021728516,-117.6962890625,845
CI.ISA.--,35.66278076171875,-118.47402954101562,824
CI.TEH.--,35.29130172729492,-118.42079162597656,798
CI.CGO.--,36.55039978027344,-117.80294799804688,772
CI.FUR.--,36.4670295715332,-116.86322021484375,755
CI.RRX.--,34.8749885559082,-116.99681091308594,866
CI.EDW2.--,34.881099700927734,-117.99388122558594,844
CI.SHO.--,35.89952850341797,-116.27529907226562,756
CI.LDR.--,34.9906005859375,-118.34156036376953,860
CI.SBB2.--,34.688438415527344,-117.8242416381836,851
CI.SPG2.--,36.20056915283203,-118.76624298095703,819
CI.ADO.--,34.55046081542969,-117.43390655517578,894
CI.NBS.--,34.78034973144531,-116.5579833984375,896
CI.ALP.--,34.68708038330078,-118.2994613647461,868
CI.MAG.--,35.36164855957031,-118.92282104492188,787
CI.ARV.--,35.12689971923828,-118.83009338378906,828
CI.DSC.--,35.14255142211914,-116.10395050048828,851
CI.LEV.--,34.61404800415039,-118.28926849365234,76
CI.GRA.--,36.99607849121094,-117.3662109375,740
CI.HEC.--,34.82939910888672,-116.33499908447266,885
CI.TUQ.--,35.43584060668945,-115.92388916015625,780
CI.VES.--,35.84088897705078,-119.08468627929688,825
CI.VCS.--,34.48371887207031,-118.11781311035156,815
CI.BTP.--,34.6822395324707,-118.57398223876953,443
CI.BAK.--,35.34444046020508,-119.10444641113281,833
CI.LJR.--,34.807621002197266,-118.86775207519531,825
CI.TIN.--,37.05421829223633,-118.23008728027344,755
CI.OSI.--,34.614498138427734,-118.72350311279297,846
CI.RCT.--,36.30522918701172,-119.24384307861328,71
CI.PDE.--,34.44198989868164,-118.5821533203125,821
CI.QUG.--,34.39558029174805,-118.49836730957031,849
CI.MWC.--,34.2236213684082,-118.05831909179688,843
CI.DEC.--,34.2535285949707,-118.33383178710938,849
CI.LFP.--,34.30510330200195,-118.48796844482422,824
CI.KIK.--,34.15037155151367,-118.1015625,774
CI.PASC.00,34.171409606933594,-118.18522644042969,770
CI.RIN.--,34.281959533691406,-118.479248046875,195
CI.RINB.--,34.281959533691406,-118.479248046875,17
CI.CBC.--,34.14011001586914,-118.12750244140625,40
CI.CAC.--,34.13677978515625,-118.12198638916016,523
CI.MIK.--,34.136878967285156,-118.12600708007812,457
CI.MIKB.--,34.136878967285156,-118.12600708007812,367
CI.GSA.--,34.13676834106445,-118.12830352783203,143
CI.TFT.--,35.14591979980469,-119.4194564819336,637
CI.HLL.--,34.176429748535156,-118.35967254638672,145
CI.NOT.--,34.22869110107422,-118.55828857421875,150
CI.GMR.--,34.784568786621094,-115.65994262695312,171
CI.WNS.--,34.1150016784668,-118.37999725341797,34
CI.BCW.--,34.94009017944336,-119.41313171386719,526
CI.SMV.--,34.27090835571289,-118.74407196044922,141
CI.DJJ.--,34.106178283691406,-118.45504760742188,130
CI.DJJB.--,34.106178283691406,-118.45504760742188,34
CI.WSS.--,34.17169952392578,-118.64971160888672,124
CI.USC.--,34.01919174194336,-118.28630828857422,114
CI.MOP.--,34.28096008300781,-118.90469360351562,123
CI.LCG.--,34.00033187866211,-118.37793731689453,110
CI.SES.--,34.436920166015625,-119.13749694824219,144
CI.BHP.--,33.99052810668945,-118.36173248291016,108
CI.SMS.--,34.014381408691406,-118.45616912841797,49
CI.AGO.--,34.14646911621094,-118.7669906616211,117
CI.WGR.--,34.51084899902344,-119.2740707397461,138
CI.SPF.--,34.059329986572266,-118.6461410522461,115
CI.PDR.--,33.962730407714844,-118.43701934814453,110
CI.LDF.--,35.13066101074219,-115.18415832519531,35
CI.CAR.--,35.308189392089844,-119.84583282470703,170
CI.SIO.--,34.292999267578125,-119.16459655761719,23
CI.STC.--,34.30302047729492,-119.18675994873047,102
CI.MPP.--,34.88848114013672,-119.8136215209961,117
CI.SMM.--,35.31420135498047,-119.99581146240234,146
CI.MLAC.--,37.630191802978516,-118.83605194091797,100
CI.SBC.--,34.44076156616211,-119.71492004394531,88
CI.TA2.--,34.38203048706055,-117.67822265625,885
CI.SCI2.--,32.97990036010742,-118.54696655273438,83
CI.MIS.00,33.740299224853516,-118.33516693115234,99
CI.SBI.--,33.48046112060547,-119.02986145019531,75
CI.THM.LA,33.65066146850586,-116.07733917236328,42
CI.KML.--,33.597381591796875,-117.87908935546875,174
CI.GATR.--,34.55266189575195,-120.50234985351562,50
CI.NJQ.--,34.53411865234375,-120.1773681640625,89
CI.SCZ2.--,33.99542999267578,-119.63510131835938,63
CI.USB.00,34.41299819946289,-119.84269714355469,90
CI.SYP.--,34.527809143066406,-119.97831726074219,71
CI.LCP.--,34.735511779785156,-120.27996063232422,83
CI.FIG.--,34.72832107543945,-119.98802947998047,83
CI.SMW.--,35.01108169555664,-120.40997314453125,79
CI.MPI.--,34.81258010864258,-119.14530181884766,546
CI.SMR.--,35.376991271972656,-120.61247253417969,62
CI.PHL.--,35.40773010253906,-120.54556274414062,57
CI.FHO.--,34.09355163574219,-116.93588256835938,447
CI.GR2.--,34.118160247802734,-118.30023956298828,116
CI.NEE2.--,34.7675895690918,-114.61881256103516,99
CI.IBP.--,32.6611213684082,-116.09285736083984,227
CI.IDO.--,33.79677963256836,-116.22151947021484,614
CI.GOR.--,33.15370178222656,-117.22920989990234,571
CI.CWC.--,36.439048767089844,-118.08049774169922,772
CI.SMI.--,34.03818130493164,-120.351318359375,59
CI.LGU.--,34.10818862915039,-119.06587219238281,43
CI.SNCC.--,33.24787139892578,-119.52436828613281,43
CI.LBW1.00,33.79800033569336,-118.08837127685547,89
CI.MTP.--,35.48434066772461,-115.5531997680664,300
CI.IDQ.--,33.767948150634766,-116.23896789550781,490
CI.SRI.--,33.9787483215332,-120.078857421875,48
CI.CHF.--,34.33340835571289,-118.02584838867188,840
CI.WTT2.--,33.94866943359375,-118.25538635253906,72
CI.VTV.--,34.56064987182617,-117.32959747314453,863
CI.RSB.01,33.97309875488281,-117.32720184326172,193
CI.USB.01,34.41299819946289,-119.84269714355469,1
CI.MIS.01,33.740299224853516,-118.33516693115234,1
CI.IKP.--,32.65011978149414,-116.10948181152344,448
CI.WNS.00,34.1150016784668,-118.37999725341797,99
CI.DJJB.01,34.106178283691406,-118.45504760742188,95
CI.LUG.--,34.3656005859375,-117.36682891845703,868
CI.CTD.--,33.3548583984375,-118.4443588256836,24
CI.VOG.--,36.320980072021484,-119.38226318359375,598
CI.CBC.40,34.14011001586914,-118.12750244140625,28
CI.GVR.--,34.049720764160156,-118.11994934082031,43
CI.CBC.41,34.14011001586914,-118.12750244140625,19
CI.Q0028.01,33.83130645751953,-117.18146514892578,5
CI.Q0012.01,33.45970916748047,-117.09812927246094,15
CI.Q0016.01,33.852779388427734,-117.5753173828125,2
CI.Q0030.01,33.979793548583984,-117.75390625,4
CI.Q0026.01,33.64305114746094,-117.56942749023438,3
CI.Q0008.01,33.38492965698242,-117.24667358398438,13
CI.Q0013.01,34.539512634277344,-118.06034851074219,3
CI.Q0029.01,33.72650909423828,-117.74788665771484,4
CI.Q0001.01,34.14940643310547,-118.0303726196289,3
CI.Q0009.01,33.60457992553711,-117.70476531982422,4
CI.Q0007.01,33.036529541015625,-116.85926818847656,15
CI.Q0006.01,33.13373947143555,-117.11083984375,13
CI.Q0010.01,33.4455680847168,-117.6383285522461,2
CI.Q0011.01,33.840248107910156,-118.01536560058594,1
CI.Q0005.01,33.527950286865234,-117.76808166503906,4
CI.Q0018.01,33.69614791870117,-117.95278930664062,5
CI.Q0027.01,32.76622772216797,-115.62108612060547,11
CI.Q0002.01,34.072486877441406,-118.39911651611328,3
CI.Q0015.01,34.37467956542969,-118.54883575439453,3
CI.Q0004.01,32.73314666748047,-117.13304901123047,16
CI.Q0017.01,32.573036193847656,-117.11680603027344,13
CI.Q0031.01,34.39534378051758,-118.91162872314453,2
CI.Q0003.01,34.21587371826172,-118.82857513427734,2
CI.CVW.--,34.92216873168945,-118.93913269042969,803
CI.LBW2.01,33.79800033569336,-118.08837127685547,70
CI.CJM.--,34.27117156982422,-117.42447662353516,840
CI.IPT.--,34.1970100402832,-117.28498077392578,794
CI.RSB.02,33.97309875488281,-117.32720184326172,1
CI.PASC.10,34.171409606933594,-118.18522644042969,9
CI.CBC.10,34.14011001586914,-118.12750244140625,652
CI.BAC.--,33.61220169067383,-117.04060363769531,394
CI.CFT.--,34.03546905517578,-117.11241149902344,225
CI.TJR.--,35.0272216796875,-118.74372863769531,799
CI.SNR.--,32.861839294433594,-115.43601989746094,371
CI.THC.--,34.908531188964844,-118.6644287109375,815
CI.RINB.01,34.281959533691406,-118.479248046875,156
CI.SMF2.--,34.022010803222656,-118.44627380371094,64
CI.RMM.--,34.64384078979492,-116.62438201904297,845
CI.LBW1.02,33.79800033569336,-118.08837127685547,6
CI.SOF.--,33.370548248291016,-117.55740356445312,60
CI.DSN5.50,34.171409606933594,-118.18522644042969,4
CI.DSN6.60,34.171409606933594,-118.18522644042969,13
CI.LEO.--,34.630638122558594,-118.3050537109375,815
CI.TM3.--,35.086910247802734,-119.53592681884766,10
CI.TEJ.--,35.23107147216797,-118.68878173828125,817
CI.LUC2.--,34.45637893676758,-116.9642333984375,780
CI.COK2.--,32.850528717041016,-115.72840118408203,293
CI.DSN5.51,34.171409606933594,-118.18522644042969,9
CI.YUC.--,34.19675064086914,-116.40576171875,255
CI.DSN5.B0,34.171409606933594,-118.18522644042969,24
CI.DSN6.A0,34.171409606933594,-118.18522644042969,74
CI.GR2.01,34.118160247802734,-118.30023956298828,1
CI.RHC2.--,34.00094985961914,-118.0133285522461,32
CI.JNH2.--,34.44894027709961,-117.95540618896484,800
CI.CJV2.--,34.529781341552734,-118.14450073242188,808
CI.HMT2.--,33.70811462402344,-117.00152587890625,269
CI.TPO.--,34.87882995605469,-118.2286376953125,813
CI.CFD.--,34.399269104003906,-119.51576232910156,56
CI.CCA.--,35.15251922607422,-118.01648712158203,804
CI.RUN.--,32.97222137451172,-114.97808837890625,247
CI.RAG.--,34.682891845703125,-116.1513900756836,744
CI.WHF.--,35.69512939453125,-118.3518295288086,787
CI.POB2.--,33.68708038330078,-116.92382049560547,277
CI.WAS2.--,35.737701416015625,-118.55742645263672,773
CI.OAT.--,34.34360885620117,-118.61441802978516,672
CI.BLC.--,34.243560791015625,-118.6731185913086,78
CI.LRR2.--,34.527061462402344,-118.02998352050781,801
CI.HYS.--,34.865318298339844,-117.56974792480469,772
CI.WLH2.--,36.15207290649414,-118.31318664550781,60
CI.PTD.--,34.00442886352539,-118.8068618774414,24
CI.NEN.--,34.775390625,-118.50099182128906,802
CI.PUT.--,34.6911506652832,-117.96919250488281,789
CI.SHU.--,34.642791748046875,-118.16454315185547,806
CI.BAI.--,34.77695083618164,-118.77335357666016,793
CI.WLS.--,34.579612731933594,-117.7201156616211,12
CI.SLM.--,34.4522705078125,-118.42266845703125,793
CI.FMO.--,34.40928649902344,-118.92089080810547,321
CI.GOU.--,34.22119140625,-118.18833923339844,785
CI.CLO.--,34.22037887573242,-119.0089111328125,54
CI.SMT.--,34.333641052246094,-119.01380920410156,66
CI.FRM.--,34.77518081665039,-118.96935272216797,782
CI.CRG.--,35.2421989440918,-119.72486114501953,383
CI.NCH.--,34.94269943237305,-119.6739501953125,91
CI.WWF.--,33.278839111328125,-115.5788803100586,215
CI.WMD.--,33.03826141357422,-115.5819091796875,261
CI.CRR.--,32.88682174682617,-115.96917724609375,261
CI.SGL.--,32.649330139160156,-115.72637939453125,256
CI.COA.--,32.86341094970703,-115.1233901977539,252
CI.YUH2.--,32.647518157958984,-115.92227172851562,250
CI.EMS.--,32.73920822143555,-114.9852066040039,247
CI.IDY.--,33.746421813964844,-116.71536254882812,252
CI.CZN.--,33.91374969482422,-116.78408813476562,258
CI.PGA.--,33.49140167236328,-117.0634994506836,271
CI.MOR.--,33.50387954711914,-117.13993072509766,258
CI.VLY.--,33.73613357543945,-117.15652465820312,251
CI.ESI.--,33.67388153076172,-117.32643127441406,88
CI.MNO.--,33.94738006591797,-117.17278289794922,188
CI.ELS2.--,33.649070739746094,-117.42604064941406,166
CI.IVY.--,33.760250091552734,-117.4767837524414,73
CI.BUE.--,34.61298751831055,-120.19679260253906,36
CI.LOC.--,34.69073486328125,-120.4468994140625,37
CI.EOC.--,34.45029067993164,-119.7694091796875,46
CI.CHI.--,34.18156051635742,-119.22244262695312,46
CI.LVY.--,34.17407989501953,-119.15635681152344,46
CI.LAT.--,34.044490814208984,-118.77642822265625,34
CI.HAY.--,33.707340240478516,-115.6388931274414,249
CI.CTW.--,33.67728042602539,-115.87213897705078,250
CI.NQ088.01,34.13677215576172,-118.12833404541016,10
CI.SQC.--,34.86647033691406,-120.29439544677734,40
CI.LMY.--,34.7331657409668,-119.10391235351562,685
CI.WNM.--,35.842201232910156,-117.90615844726562,769
CI.WRV2.--,36.00774002075195,-117.8904037475586,769
CI.WVP2.--,35.94939041137695,-117.81768798828125,749
CI.TOW2.--,35.80855941772461,-117.76487731933594,770
CI.WCS2.--,36.025211334228516,-117.7652587890625,755
CI.SRT.--,35.69234848022461,-117.7505111694336,779
CI.FOX2.--,34.7338981628418,-118.24046325683594,802
CI.DTP.--,35.26742172241211,-117.84580993652344,789
CI.WRC2.--,35.947898864746094,-117.65038299560547,751
CI.HOL.--,34.458309173583984,-117.84539031982422,766
CI.WOR.--,35.69562911987305,-118.24246215820312,777
CI.HAR.--,35.01139831542969,-117.29908752441406,761
CI.IMP.--,32.90147018432617,-115.56070709228516,250
CI.SLH.--,33.192691802978516,-116.25399017333984,253
CI.MTG.--,33.19915008544922,-116.64727020263672,259
CI.LKH.--,33.23598098754883,-116.75875854492188,261
CI.PALA.--,33.3890495300293,-117.03182220458984,261
CI.KYV.--,33.92544937133789,-116.17340087890625,262
CI.GMA.--,34.291481018066406,-116.38256072998047,259
CI.LMH.--,33.744178771972656,-117.39134979248047,136
CI.LMS.--,33.817440032958984,-117.44499969482422,87
CI.RKMO.--,33.67420959472656,-117.60946655273438,61
CI.SYN.--,34.60723114013672,-120.0696029663086,43
CI.DSN5.A0,34.171409606933594,-118.18522644042969,61
CI.SIL.--,34.34803009033203,-116.82746887207031,771
CI.WLS2.--,34.57898712158203,-117.7193832397461,755
CI.CSL.--,34.49651336669922,-118.6162109375,775
CI.DTC.--,34.424156188964844,-118.66191101074219,755
CI.RCU.--,34.083091735839844,-117.52442169189453,311
CI.SSS.--,34.031028747558594,-117.4549789428711,76
CI.MMC.--,33.57304000854492,-117.76258087158203,47
CI.NWH.--,33.73313903808594,-117.75108337402344,27
CI.PDW.--,33.92396926879883,-117.61712646484375,57
CI.HDH.--,34.775291442871094,-118.6399917602539,775
CI.JTH.--,34.12643814086914,-116.03784942626953,221
CI.OCP.--,32.74755096435547,-116.0193099975586,212
CI.SWP.--,32.791839599609375,-116.09718322753906,210
CI.CLI2.--,33.12112045288086,-115.58016204833984,192
CI.GFS.--,34.47660446166992,-120.21435546875,36
CI.CRF.--,33.87351989746094,-118.03937530517578,11
CI.CPO.--,32.64265823364258,-116.48513793945312,212
CI.DZA.--,32.606571197509766,-116.77477264404297,203
CI.CSH.--,33.64419937133789,-116.59559631347656,179
CI.WMF.--,36.11758041381836,-117.8548583984375,743
CI.AVM.--,35.06562042236328,-116.61549377441406,745
CI.CFS.01,34.10538864135742,-117.28286743164062,2
CI.Q335.A0,34.13618850708008,-118.12744140625,16
CI.CPT2.--,33.34183120727539,-117.32501983642578,180
CI.SOC.--,33.387611389160156,-117.58013153076172,98
CI.APL.--,35.34149169921875,-116.87464141845703,733
CI.MRS.--,35.42522048950195,-116.88957214355469,93
CI.MES.--,34.26311111450195,-119.09587860107422,34
CI.LYP.--,32.703330993652344,-116.75479888916016,186
CI.MTA.--,33.42654037475586,-117.3792724609375,161
CI.AVC.--,33.3331184387207,-118.3354263305664,15
CI.WBM.--,35.60839080810547,-117.89048767089844,734
CI.RSI.--,34.85190963745117,-120.20867919921875,31
CI.QLC.--,35.04084014892578,-119.97425079345703,45
CI.YEG2.--,35.43830871582031,-119.96305847167969,83
CI.AGM.--,32.84474182128906,-114.78424835205078,165
CI.RHR.--,33.29021453857422,-117.17648315429688,177
CI.VCP.--,33.239341735839844,-117.02124786376953,176
CI.NPN.--,35.46738815307617,-115.26850891113281,17
CI.GFF.--,34.923805236816406,-115.07266235351562,11
CI.GCC.--,34.327579498291016,-118.31887817382812,726
CI.CHR.--,34.72901916503906,-119.39269256591797,71
CI.QAD.--,34.42367172241211,-119.60926055908203,31
CI.RFR.--,35.113582611083984,-120.09720611572266,34
CI.CHK.--,34.067134857177734,-118.97118377685547,23
CI.DAW.--,36.271480560302734,-117.5921401977539,721
CI.DSN8.--,34.136199951171875,-118.12760162353516,51
CI.SRA.--,34.60601043701172,-115.94986724853516,125
CI.CKP.--,33.55506896972656,-114.8904037475586,143
CI.LUS.--,33.01374816894531,-117.16304779052734,165
CI.CYP.--,32.90611267089844,-116.6272201538086,160
CI.SLV.--,33.23854064941406,-115.30435943603516,76
CI.FRK.--,33.4020881652832,-115.63835144042969,144
CI.VDJ.--,34.18986129760742,-114.57144927978516,149
CI.FDR.--,35.64262008666992,-118.93433380126953,727
CI.HIW.--,35.039981842041016,-115.38423156738281,21
CI.POR.--,36.10367965698242,-119.00343322753906,729
CI.ASP.--,35.861141204833984,-119.3851089477539,667
CI.CBC.30,34.14011001586914,-118.12750244140625,1
CI.WBP.--,35.87841033935547,-118.07414245605469,90
CI.TER2.--,35.33232879638672,-119.36238098144531,119
CI.CDD.--,32.58395004272461,-114.35617065429688,138
CI.VLO.--,32.97180938720703,-116.41063690185547,140
CI.CWP.--,33.55797576904297,-117.55774688720703,29
CI.LVO.--,34.5557975769043,-119.88387298583984,10
CI.CDM.--,34.36854934692383,-119.34143829345703,22
CI.ACP.--,32.9546012878418,-116.30338287353516,127
CI.RCR.--,33.362369537353516,-116.30960083007812,123
CI.ESI2.--,33.674930572509766,-117.32592010498047,135
CI.JPLS.--,34.205299377441406,-118.1736831665039,88
CI.SHR.--,36.49113082885742,-118.84504699707031,42
CI.POP.--,34.72850799560547,-118.3940200805664,59
CI.HRV.--,34.72711181640625,-118.80439758300781,55
CI.BCH.--,35.18533706665039,-120.0850601196289,4
CI.PZA.--,35.35580062866211,-120.25240325927734,19
CI.HHL.--,34.60079574584961,-119.74858093261719,4
CI.PLR.--,33.17348861694336,-115.97774505615234,70
CI.KRV3.--,35.774269104003906,-118.43324279785156,54
CI.SOL2.--,34.436500549316406,-118.28927612304688,56
CI.SUN.--,34.21023178100586,-117.6941909790039,11
CI.ABL.--,34.84843063354492,-119.22496795654297,36
CI.XTL2.--,34.29595947265625,-117.86248779296875,10
CI.PEM.--,34.16688919067383,-117.87008666992188,40
CI.CHL.--,33.91084289550781,-117.68368530273438,12
CI.RRC.--,35.3728141784668,-117.9897689819336,55
CI.KRV1.--,35.45962142944336,-118.779052734375,53
CI.GDF.--,34.47930145263672,-118.91676330566406,37
CI.MAN.--,34.893699645996094,-120.08072662353516,17
CI.CRY.--,34.77824783325195,-119.62810516357422,24
CI.RYS.--,34.643409729003906,-119.35224151611328,18
CI.SS3.--,34.20772171020508,-117.49966430664062,16
CI.SEV.--,35.58926010131836,-117.28685760498047,32
CI.BAW.--,34.83934783935547,-117.14942932128906,32
CI.ELO.--,32.76529312133789,-115.6208724975586,60
CI.ANG.--,33.50327682495117,-116.80838775634766,64
CI.FSR.--,35.66511154174805,-117.42371368408203,30
CI.CCK.--,35.1497802734375,-118.1969985961914,44
CI.CCT.--,33.89625549316406,-117.4146957397461,19
CI.BTL2.--,34.256839752197266,-117.00543212890625,20
CI.RSP.--,34.19666290283203,-117.1260757446289,15
CI.RPK.--,36.21798324584961,-117.08537292480469,3
