event_id,reason
10775573,Prefix-QC common-cohort sensitivity experiment: eligible input CI.GLA.-- (original index 5; reported trace CI.GLA..HNN) failed the unchanged raw-value-diversity rule (unique_count=7 < 8). Exclude the whole event to preserve the original input candidate pool and station-draw protocol without fallback or resampling. Basis: uploaded QC reports only; no raw-waveform defect is inferred.
10835317,Prefix-QC common-cohort sensitivity experiment: eligible input CI.GLA.-- (original index 5; reported trace CI.GLA..HNN) failed the unchanged raw-value-diversity rule (unique_count=7 < 8). Exclude the whole event to preserve the original input candidate pool and station-draw protocol without fallback or resampling. Basis: uploaded QC reports only; no raw-waveform defect is inferred.
10964949,Prefix-QC common-cohort sensitivity experiment: eligible input CI.GLA.-- (original index 5; reported trace CI.GLA..HNN) failed the unchanged raw-value-diversity rule (unique_count=7 < 8). Exclude the whole event to preserve the original input candidate pool and station-draw protocol without fallback or resampling. Basis: uploaded QC reports only; no raw-waveform defect is inferred.
15074636,Prefix-QC common-cohort sensitivity experiment: eligible input CI.GLA.-- (original index 5; reported trace CI.GLA..HNE) failed the unchanged raw-value-diversity rule (unique_count=7 < 8). Exclude the whole event to preserve the original input candidate pool and station-draw protocol without fallback or resampling. Basis: uploaded QC reports only; no raw-waveform defect is inferred.
11418410,Prefix-QC common-cohort sensitivity experiment: eligible input CI.ISA.-- (original index 5; reported trace CI.ISA..HNE) failed the unchanged raw-value-diversity rule (unique_count=7 < 8). Exclude the whole event to preserve the original input candidate pool and station-draw protocol without fallback or resampling. Basis: uploaded QC reports only; no raw-waveform defect is inferred.
37259016,Prefix-QC common-cohort sensitivity experiment: eligible input CI.GLA.-- (original index 13; reported trace CI.GLA..HNN) failed the unchanged raw-value-diversity rule (unique_count=6 < 8). Exclude the whole event to preserve the original input candidate pool and station-draw protocol without fallback or resampling. Basis: uploaded QC reports only; no raw-waveform defect is inferred.
37259944,Prefix-QC common-cohort sensitivity experiment: eligible input CI.GLA.-- (original index 13; reported trace CI.GLA..HNE) failed the unchanged raw-value-diversity rule (unique_count=7 < 8). Exclude the whole event to preserve the original input candidate pool and station-draw protocol without fallback or resampling. Basis: uploaded QC reports only; no raw-waveform defect is inferred.
37045495,Prefix-QC common-cohort sensitivity experiment: eligible input CI.GLA.-- (original index 12; reported trace CI.GLA..HNE) failed the unchanged raw-value-diversity rule (unique_count=7 < 8). Exclude the whole event to preserve the original input candidate pool and station-draw protocol without fallback or resampling. Basis: uploaded QC reports only; no raw-waveform defect is inferred.
37281064,Prefix-QC common-cohort sensitivity experiment: eligible input CI.GLA.-- (original index 13; reported trace CI.GLA..HNN) failed the unchanged raw-value-diversity rule (unique_count=6 < 8). Exclude the whole event to preserve the original input candidate pool and station-draw protocol without fallback or resampling. Basis: uploaded QC reports only; no raw-waveform defect is inferred.
37254543,Prefix-QC common-cohort sensitivity experiment: eligible input CI.GLA.-- (original index 13; reported trace CI.GLA..HNE) failed the unchanged raw-value-diversity rule (unique_count=7 < 8). Exclude the whole event to preserve the original input candidate pool and station-draw protocol without fallback or resampling. Basis: uploaded QC reports only; no raw-waveform defect is inferred.
37854536,Prefix-QC common-cohort sensitivity experiment: eligible input CI.GLA.-- (original index 13; reported trace CI.GLA..HNE) failed the unchanged raw-value-diversity rule (unique_count=7 < 8). Exclude the whole event to preserve the original input candidate pool and station-draw protocol without fallback or resampling. Basis: uploaded QC reports only; no raw-waveform defect is inferred.
38010488,Prefix-QC common-cohort sensitivity experiment: eligible input CI.GLA.-- (original index 15; reported trace CI.GLA..HNE) failed the unchanged raw-value-diversity rule (unique_count=6 < 8). Exclude the whole event to preserve the original input candidate pool and station-draw protocol without fallback or resampling. Basis: uploaded QC reports only; no raw-waveform defect is inferred.
37891767,Prefix-QC common-cohort sensitivity experiment: eligible input CI.GLA.-- (original index 16; reported trace CI.GLA..HNE) failed the unchanged raw-value-diversity rule (unique_count=6 < 8). Exclude the whole event to preserve the original input candidate pool and station-draw protocol without fallback or resampling. Basis: uploaded QC reports only; no raw-waveform defect is inferred.
38138415,Prefix-QC common-cohort sensitivity experiment: eligible input CI.GLA.-- (original index 13; reported trace CI.GLA..HNE) failed the unchanged raw-value-diversity rule (unique_count=6 < 8). Exclude the whole event to preserve the original input candidate pool and station-draw protocol without fallback or resampling. Basis: uploaded QC reports only; no raw-waveform defect is inferred.
38432527,Prefix-QC common-cohort sensitivity experiment: eligible input CI.GLA.-- (original index 13; reported trace CI.GLA..HNZ) failed the unchanged raw-value-diversity rule (unique_count=7 < 8). Exclude the whole event to preserve the original input candidate pool and station-draw protocol without fallback or resampling. Basis: uploaded QC reports only; no raw-waveform defect is inferred.
39666952,Prefix-QC common-cohort sensitivity experiment: eligible input CI.GLA.-- (original index 11; reported trace CI.GLA..HNE) failed the unchanged raw-value-diversity rule (unique_count=7 < 8). Exclude the whole event to preserve the original input candidate pool and station-draw protocol without fallback or resampling. Basis: uploaded QC reports only; no raw-waveform defect is inferred.
39667304,Prefix-QC common-cohort sensitivity experiment: eligible input CI.GLA.-- (original index 14; reported trace CI.GLA..HNE) failed the unchanged raw-value-diversity rule (unique_count=6 < 8). Exclude the whole event to preserve the original input candidate pool and station-draw protocol without fallback or resampling. Basis: uploaded QC reports only; no raw-waveform defect is inferred.
