bin_left,bin_right,bin_center,population,count,percent
3.0,3.2,3.1,all_preprocessed,1109,34.23896264279099
3.2,3.4000000000000004,3.3000000000000003,all_preprocessed,1058,32.66440259339302
3.4000000000000004,3.6000000000000005,3.5000000000000004,all_preprocessed,458,14.140166718122877
3.6000000000000005,3.8000000000000007,3.7000000000000006,all_preprocessed,241,7.440568076566842
3.8000000000000007,4.000000000000001,3.900000000000001,all_preprocessed,159,4.908922506946588
4.000000000000001,4.200000000000001,4.100000000000001,all_preprocessed,87,2.686014201914171
4.200000000000001,4.400000000000001,4.300000000000001,all_preprocessed,55,1.6980549552330966
4.400000000000001,4.600000000000001,4.500000000000002,all_preprocessed,37,1.1423278789749922
4.600000000000001,4.800000000000002,4.700000000000001,all_preprocessed,14,0.4322321704229701
4.800000000000002,5.000000000000002,4.900000000000002,all_preprocessed,8,0.2469898116702686
5.000000000000002,5.200000000000002,5.100000000000001,all_preprocessed,1,0.030873726458783574
5.200000000000002,5.400000000000002,5.3000000000000025,all_preprocessed,7,0.21611608521148504
5.400000000000002,5.600000000000002,5.500000000000002,all_preprocessed,1,0.030873726458783574
5.600000000000002,5.8000000000000025,5.700000000000003,all_preprocessed,3,0.09262117937635073
5.8000000000000025,6.000000000000003,5.900000000000002,all_preprocessed,0,0.0
6.000000000000003,6.200000000000003,6.100000000000003,all_preprocessed,0,0.0
6.200000000000003,6.400000000000003,6.3000000000000025,all_preprocessed,0,0.0
6.400000000000003,6.600000000000003,6.5000000000000036,all_preprocessed,0,0.0
6.600000000000003,6.800000000000003,6.700000000000003,all_preprocessed,0,0.0
6.800000000000003,7.0000000000000036,6.900000000000004,all_preprocessed,0,0.0
7.0000000000000036,7.200000000000004,7.100000000000003,all_preprocessed,1,0.030873726458783574
7.200000000000004,7.400000000000004,7.300000000000004,all_preprocessed,0,0.0
3.0,3.2,3.1,causal_eligible,495,30.555555555555557
3.2,3.4000000000000004,3.3000000000000003,causal_eligible,541,33.39506172839506
3.4000000000000004,3.6000000000000005,3.5000000000000004,causal_eligible,253,15.617283950617283
3.6000000000000005,3.8000000000000007,3.7000000000000006,causal_eligible,122,7.530864197530864
3.8000000000000007,4.000000000000001,3.900000000000001,causal_eligible,89,5.493827160493828
4.000000000000001,4.200000000000001,4.100000000000001,causal_eligible,52,3.2098765432098766
4.200000000000001,4.400000000000001,4.300000000000001,causal_eligible,29,1.7901234567901234
4.400000000000001,4.600000000000001,4.500000000000002,causal_eligible,21,1.2962962962962963
4.600000000000001,4.800000000000002,4.700000000000001,causal_eligible,7,0.43209876543209874
4.800000000000002,5.000000000000002,4.900000000000002,causal_eligible,6,0.37037037037037035
5.000000000000002,5.200000000000002,5.100000000000001,causal_eligible,1,0.06172839506172839
5.200000000000002,5.400000000000002,5.3000000000000025,causal_eligible,2,0.12345679012345678
5.400000000000002,5.600000000000002,5.500000000000002,causal_eligible,1,0.06172839506172839
5.600000000000002,5.8000000000000025,5.700000000000003,causal_eligible,0,0.0
5.8000000000000025,6.000000000000003,5.900000000000002,causal_eligible,0,0.0
6.000000000000003,6.200000000000003,6.100000000000003,causal_eligible,0,0.0
6.200000000000003,6.400000000000003,6.3000000000000025,causal_eligible,0,0.0
6.400000000000003,6.600000000000003,6.5000000000000036,causal_eligible,0,0.0
6.600000000000003,6.800000000000003,6.700000000000003,causal_eligible,0,0.0
6.800000000000003,7.0000000000000036,6.900000000000004,causal_eligible,0,0.0
7.0000000000000036,7.200000000000004,7.100000000000003,causal_eligible,1,0.06172839506172839
7.200000000000004,7.400000000000004,7.300000000000004,causal_eligible,0,0.0
