method,quantity,population,metric,recomputed,archived,absolute_difference
Prefix_Base,pga,overall,mae,0.3036543017564571,0.3036543017564571,0.0
Prefix_Base,pga,overall,bias,-0.009869682453402641,-0.0098696824534026,4.163336342344337e-17
Prefix_Base,pga,overall,under05,0.10458904109589041,0.1045890410958904,1.3877787807814457e-17
Prefix_Base,pga,overall,factor2,0.5864383561643836,0.5864383561643836,0.0
Prefix_Base,pga,non_tail,mae,0.2934952986865292,0.2934952986865292,0.0
Prefix_Base,pga,non_tail,bias,0.005442405957541877,0.0054424059575418,7.719519468096792e-17
Prefix_Base,pga,non_tail,under05,0.0902263173153584,0.0902263173153584,0.0
Prefix_Base,pga,non_tail,factor2,0.5940478304462323,0.5940478304462323,0.0
Prefix_Base,pga,high_motion_tail,mae,0.5327497742522379,0.5327497742522379,0.0
Prefix_Base,pga,high_motion_tail,bias,-0.5177057051170073,-0.5177057051170073,0.0
Prefix_Base,pga,high_motion_tail,under05,0.5101256116010776,0.5101256116010776,0.0
Prefix_Base,pga,high_motion_tail,factor2,0.2613945511695286,0.2613945511695286,0.0
Prefix_Base,pgv,overall,mae,0.2700716735021164,0.2700716735021164,0.0
Prefix_Base,pgv,overall,bias,-0.018884957397365135,-0.0188849573973651,3.469446951953614e-17
Prefix_Base,pgv,overall,under05,0.08833333333333335,0.0883333333333333,4.163336342344337e-17
Prefix_Base,pgv,overall,factor2,0.6636986301369863,0.6636986301369863,0.0
Prefix_Base,pgv,non_tail,mae,0.2624976707606417,0.2624976707606417,0.0
Prefix_Base,pgv,non_tail,bias,-0.00031312815454468773,-0.0003131281545446,8.771195575407731e-17
Prefix_Base,pgv,non_tail,under05,0.07398505777381048,0.0739850577738104,8.326672684688674e-17
Prefix_Base,pgv,non_tail,factor2,0.6740304385392706,0.6740304385392706,0.0
Prefix_Base,pgv,high_motion_tail,mae,0.6195280426216325,0.6195280426216325,0.0
Prefix_Base,pgv,high_motion_tail,bias,-0.5932518355078353,-0.5932518355078353,0.0
Prefix_Base,pgv,high_motion_tail,under05,0.5664480692596018,0.5664480692596018,0.0
Prefix_Base,pgv,high_motion_tail,factor2,0.21751141570954013,0.2175114157095401,2.7755575615628914e-17
Prefix_CAURC,pga,overall,mae,0.3048029462000035,0.3048029462000035,0.0
Prefix_CAURC,pga,overall,bias,0.010975716976730143,0.0109757169767301,4.336808689942018e-17
Prefix_CAURC,pga,overall,under05,0.09730593607305937,0.0973059360730593,6.938893903907228e-17
Prefix_CAURC,pga,overall,factor2,0.583607305936073,0.583607305936073,0.0
Prefix_CAURC,pga,non_tail,mae,0.2949420532277022,0.2949420532277021,5.551115123125783e-17
Prefix_CAURC,pga,non_tail,bias,0.026229957707388084,0.026229957707388,8.326672684688674e-17
Prefix_CAURC,pga,non_tail,under05,0.082966224541567,0.082966224541567,0.0
Prefix_CAURC,pga,non_tail,factor2,0.5917851102896766,0.5917851102896766,0.0
Prefix_CAURC,pga,high_motion_tail,mae,0.5091199825082963,0.5091199825082963,0.0
Prefix_CAURC,pga,high_motion_tail,bias,-0.4912237143825598,-0.4912237143825598,0.0
Prefix_CAURC,pga,high_motion_tail,under05,0.4683079455615979,0.4683079455615979,0.0
Prefix_CAURC,pga,high_motion_tail,factor2,0.31396716765299065,0.3139671676529906,5.551115123125783e-17
Prefix_CAURC,pgv,overall,mae,0.2704477821612665,0.2704477821612665,0.0
Prefix_CAURC,pgv,overall,bias,-0.0006922782956295609,-0.0006922782956295,6.093216209368535e-17
Prefix_CAURC,pgv,overall,under05,0.08296803652968038,0.0829680365296803,8.326672684688674e-17
Prefix_CAURC,pgv,overall,factor2,0.659429223744292,0.659429223744292,0.0
Prefix_CAURC,pgv,non_tail,mae,0.26328392212986357,0.2632839221298635,5.551115123125783e-17
Prefix_CAURC,pgv,non_tail,bias,0.017741713024807333,0.0177417130248073,3.122502256758253e-17
Prefix_CAURC,pgv,non_tail,under05,0.0689282519464567,0.0689282519464567,0.0
Prefix_CAURC,pgv,non_tail,factor2,0.6695695050029946,0.6695695050029946,0.0
Prefix_CAURC,pgv,high_motion_tail,mae,0.5942089286394016,0.5942089286394016,0.0
Prefix_CAURC,pgv,high_motion_tail,bias,-0.5644203499261282,-0.5644203499261282,0.0
Prefix_CAURC,pgv,high_motion_tail,under05,0.5195454047406581,0.5195454047406581,0.0
Prefix_CAURC,pgv,high_motion_tail,factor2,0.22191343003888006,0.22191343003888,5.551115123125783e-17
