candidate,reference,quantity,population,metric,reference_value,candidate_value,point_delta_candidate_minus_reference,relative_change_percent,delta_percentage_points,ci_lower,ci_upper,ci_excludes_zero,two_sided_bootstrap_sign_p,bootstrap_probability_candidate_better,n_paired_events,n_sequence_groups_used
ca_urc,cross_attention,pga,overall,mae,0.30594094227500523,0.3055312032375342,-0.0004097390374710342,-0.133927494118367,,-0.005833295291606816,0.003724770436489226,False,0.8543145685431457,0.5729,224,22
ca_urc,cross_attention,pga,overall,factor2,0.5766071428571429,0.5752008928571428,-0.0014062500000000058,,-0.14062500000000058,-0.009366212559197994,0.009051819923371644,False,0.7933206679332067,0.3966,224,22
ca_urc,cross_attention,pga,overall,under05,0.10511160714285715,0.08845982142857144,-0.016651785714285713,,-1.6651785714285712,-0.02138191465457368,-0.012085505793226384,True,0.00019998000199980003,1.0,224,22
ca_urc,cross_attention,pga,high_motion_tail,mae,0.639199011276043,0.5669248284265368,-0.0722741828495061,-11.306992278543113,,-0.07843482294873337,-0.061037627450122,True,0.00019998000199980003,1.0,98,21
ca_urc,cross_attention,pga,high_motion_tail,factor2,0.14576033341110425,0.20506745116593,0.05930711775482579,,5.930711775482579,0.024329238553609876,0.13261381069900768,True,0.00019998000199980003,1.0,98,21
ca_urc,cross_attention,pga,high_motion_tail,under05,0.6399902758627565,0.5380486882988936,-0.1019415875638628,,-10.19415875638628,-0.21358797398433935,-0.043683584411507805,True,0.00019998000199980003,1.0,98,21
ca_urc,cross_attention,pgv,overall,mae,0.2657673740599837,0.2634863156044293,-0.0022810584555543792,-0.8582913774207456,,-0.0069575879302771005,0.001475337014117272,False,0.24937506249375063,0.8754,224,22
ca_urc,cross_attention,pgv,overall,factor2,0.6720535714285714,0.6696875,-0.002366071428571429,,-0.2366071428571429,-0.010463034851621807,0.007308060109289618,False,0.5973402659734026,0.2986,224,22
ca_urc,cross_attention,pgv,overall,under05,0.09238839285714286,0.07785714285714285,-0.014531249999999999,,-1.453125,-0.01973557118499573,-0.009441559366101273,True,0.00019998000199980003,1.0,224,22
ca_urc,cross_attention,pgv,high_motion_tail,mae,0.7469587083547743,0.6484098234134111,-0.09854888494136323,-13.193351096799397,,-0.11361195830767402,-0.08356827084415898,True,0.00019998000199980003,1.0,87,18
ca_urc,cross_attention,pgv,high_motion_tail,factor2,0.10631775756860273,0.20573960570130637,0.0994218481327036,,9.94218481327036,0.031472760391149206,0.17105480469972023,True,0.0015998400159984002,0.9993,87,18
ca_urc,cross_attention,pgv,high_motion_tail,under05,0.7145673644074947,0.6035403025075544,-0.11102706189994008,,-11.102706189994008,-0.2135290509501438,-0.051457786297001526,True,0.00019998000199980003,1.0,87,18
ca_urc,graph,pga,overall,mae,0.3095609689307665,0.3055312032375342,-0.004029765693232295,-1.3017680191243857,,-0.013318676972384808,0.004809133452218339,False,0.35156484351564843,0.8243,224,22
ca_urc,graph,pga,overall,factor2,0.5624107142857143,0.5752008928571428,0.012790178571428569,,1.2790178571428568,-0.002737942826106233,0.030059804582210244,False,0.10818918108189181,0.946,224,22
ca_urc,graph,pga,overall,under05,0.10455357142857144,0.08845982142857144,-0.016093749999999997,,-1.6093749999999998,-0.027834495730537073,-0.0022159090909090917,True,0.022997700229977002,0.9886,224,22
ca_urc,graph,pga,high_motion_tail,mae,0.6146049653026275,0.5669248284265368,-0.04768013687609063,-7.757850907145411,,-0.1029078987285324,0.016328884067818433,False,0.13058694130586943,0.9348,98,21
ca_urc,graph,pga,high_motion_tail,factor2,0.12737747652793935,0.20506745116593,0.0776899746379907,,7.76899746379907,0.0005504699479332016,0.1665506148114789,True,0.049795020497950204,0.9752,98,21
ca_urc,graph,pga,high_motion_tail,under05,0.6212569302422875,0.5380486882988936,-0.0832082419433939,,-8.32082419433939,-0.2336949912913837,0.03441798413385863,False,0.1523847615238476,0.9239,98,21
ca_urc,graph,pgv,overall,mae,0.2621396472704198,0.2634863156044293,0.0013466683340095157,0.513721731158168,,-0.005596912457453277,0.0079582560513211,False,0.7111288871112889,0.3555,224,22
ca_urc,graph,pgv,overall,factor2,0.6815848214285715,0.6696875,-0.011897321428571426,,-1.1897321428571426,-0.025733678160919544,0.003255787831959703,False,0.11938806119388061,0.0596,224,22
ca_urc,graph,pgv,overall,under05,0.09319196428571429,0.07785714285714285,-0.01533482142857143,,-1.533482142857143,-0.027543764534883705,-0.000754706815224461,True,0.038396160383961604,0.9809,224,22
ca_urc,graph,pgv,high_motion_tail,mae,0.7593962230352407,0.6484098234134111,-0.11098639962182964,-14.615084491495976,,-0.17226939324432272,-0.03181974672274947,True,0.010198980101989802,0.995,87,18
ca_urc,graph,pgv,high_motion_tail,factor2,0.10001038177344182,0.20573960570130637,0.10572922392786455,,10.572922392786454,0.019001735278014145,0.17763981761816897,True,0.012798720127987202,0.9937,87,18
ca_urc,graph,pgv,high_motion_tail,under05,0.7659013808185102,0.6035403025075544,-0.16236107831095553,,-16.236107831095552,-0.2973049292105898,-0.012610940160568341,True,0.038396160383961604,0.9809,87,18
ca_urc,tail_weighted_attention,pga,overall,mae,0.3398447394361054,0.3055312032375342,-0.0343135361985712,-10.096827232196286,,-0.04371467711805882,-0.024829222360333247,True,0.00019998000199980003,1.0,224,22
ca_urc,tail_weighted_attention,pga,overall,factor2,0.5218526785714286,0.5752008928571428,0.053348214285714284,,5.334821428571428,0.035795161907190204,0.0739394385026738,True,0.00019998000199980003,1.0,224,22
ca_urc,tail_weighted_attention,pga,overall,under05,0.1330580357142857,0.08845982142857144,-0.0445982142857143,,-4.45982142857143,-0.056523614336527736,-0.030234308022045325,True,0.00019998000199980003,1.0,224,22
ca_urc,tail_weighted_attention,pga,high_motion_tail,mae,0.6121389323101061,0.5669248284265368,-0.04521410388356922,-7.38624869242331,,-0.10175174376328368,0.05109844666235801,False,0.35036496350364965,0.8249,98,21
ca_urc,tail_weighted_attention,pga,high_motion_tail,factor2,0.19800692111734947,0.20506745116593,0.007060530048580531,,0.7060530048580531,-0.09916431989734092,0.11491541261766845,False,0.8779122087791221,0.5611,98,21
ca_urc,tail_weighted_attention,pga,high_motion_tail,under05,0.6050640435979966,0.5380486882988936,-0.067015355299103,,-6.7015355299103,-0.19968490553171703,0.061961192821802125,False,0.2683731626837316,0.8659,98,21
ca_urc,tail_weighted_attention,pgv,overall,mae,0.2858286419111703,0.2634863156044293,-0.022342326306741028,-7.816685604826323,,-0.03790433915043189,-0.007325054202071175,True,0.0011998800119988001,0.9995,224,22
ca_urc,tail_weighted_attention,pgv,overall,factor2,0.6510491071428571,0.6696875,0.01863839285714286,,1.863839285714286,0.0015074108225858478,0.03300776055820471,True,0.033596640335966405,0.9833,224,22
ca_urc,tail_weighted_attention,pgv,overall,under05,0.10404017857142858,0.07785714285714285,-0.026183035714285714,,-2.6183035714285716,-0.03900704194983957,-0.010852331932773119,True,0.00039996000399960006,0.9999,224,22
ca_urc,tail_weighted_attention,pgv,high_motion_tail,mae,0.7405874430718071,0.6484098234134111,-0.09217761965839592,-12.446554491399661,,-0.15131377241370897,0.014000973005266308,False,0.09919008099190081,0.9505,87,18
ca_urc,tail_weighted_attention,pgv,high_motion_tail,factor2,0.15570152114754618,0.20573960570130637,0.05003808455376016,,5.003808455376016,-0.0464926070876546,0.13202998584759762,False,0.25777422257774224,0.8712,87,18
ca_urc,tail_weighted_attention,pgv,high_motion_tail,under05,0.700635240270618,0.6035403025075544,-0.09709493776306345,,-9.709493776306346,-0.17867259679272277,0.033675094413771936,False,0.13638636136386362,0.9319,87,18
ca_urc,old_power_gate,pga,overall,mae,0.3170825843330074,0.3055312032375342,-0.011551381095473138,-3.6430197261611856,,-0.024686760112877026,0.000850986328813721,False,0.065993400659934,0.9671,224,22
ca_urc,old_power_gate,pga,overall,factor2,0.5620758928571429,0.5752008928571428,0.013125000000000003,,1.3125000000000002,-0.005902085274930084,0.03650057947019868,False,0.19018098190180982,0.905,224,22
ca_urc,old_power_gate,pga,overall,under05,0.1302232142857143,0.08845982142857144,-0.04176339285714286,,-4.176339285714286,-0.05630842215762273,-0.029396003457662034,True,0.00019998000199980003,1.0,224,22
ca_urc,old_power_gate,pga,high_motion_tail,mae,0.6817466140796389,0.5669248284265368,-0.11482178565310203,-16.84229643122056,,-0.18452722284405712,-0.048265190277927916,True,0.0027997200279972004,0.9987,98,21
ca_urc,old_power_gate,pga,high_motion_tail,factor2,0.16461228542833553,0.20506745116593,0.040455165737594494,,4.045516573759449,-0.037302257665134717,0.13474225727326375,False,0.29317068293170684,0.8535,98,21
ca_urc,old_power_gate,pga,high_motion_tail,under05,0.6941481357105764,0.5380486882988936,-0.15609944741168283,,-15.609944741168283,-0.32484469184984416,-0.04966360223035538,True,0.0051994800519948,0.9975,98,21
ca_urc,old_power_gate,pgv,overall,mae,0.2732952798690115,0.2634863156044293,-0.00980896426458219,-3.589145143408096,,-0.01951835761569204,-0.0010661010159096083,True,0.027197280271972803,0.9865,224,22
ca_urc,old_power_gate,pgv,overall,factor2,0.6617410714285714,0.6696875,0.007946428571428575,,0.7946428571428574,-0.009837720899664077,0.029321945498770458,False,0.39816018398160186,0.801,224,22
ca_urc,old_power_gate,pgv,overall,under05,0.10758928571428572,0.07785714285714285,-0.029732142857142856,,-2.9732142857142856,-0.04160404473244147,-0.019788911640605613,True,0.00019998000199980003,1.0,224,22
ca_urc,old_power_gate,pgv,high_motion_tail,mae,0.816230524677123,0.6484098234134111,-0.16782070126371193,-20.56045396367612,,-0.23557395815409052,-0.0813367845454702,True,0.0005999400059994001,0.9998,87,18
ca_urc,old_power_gate,pgv,high_motion_tail,factor2,0.11717962203060599,0.20573960570130637,0.08855998367070037,,8.855998367070036,0.002116944923071577,0.18719433611298905,True,0.044995500449955005,0.9776,87,18
ca_urc,old_power_gate,pgv,high_motion_tail,under05,0.7550967293704651,0.6035403025075544,-0.15155642686291063,,-15.155642686291063,-0.3187010651023109,-0.04247974226214375,True,0.008599140085991401,0.9958,87,18
ca_urc,ca_drg,pga,overall,mae,0.30517064869969285,0.3055312032375342,0.0003605545378413761,0.11814849802157235,,-0.004627685013717226,0.004230610330106071,False,0.9107089291070893,0.4553,224,22
ca_urc,ca_drg,pga,overall,factor2,0.57703125,0.5752008928571428,-0.0018303571428571505,,-0.18303571428571505,-0.009689269240490333,0.00856825147777858,False,0.7145285471452855,0.3572,224,22
ca_urc,ca_drg,pga,overall,under05,0.10183035714285715,0.08845982142857144,-0.013370535714285713,,-1.3370535714285714,-0.017543495544630514,-0.0097303589539264,True,0.00019998000199980003,1.0,224,22
ca_urc,ca_drg,pga,high_motion_tail,mae,0.5946197123015863,0.5669248284265368,-0.027694883875049335,-4.657579172384167,,-0.048522999446242714,-0.012808746499446442,True,0.0007999200079992001,0.9997,98,21
ca_urc,ca_drg,pga,high_motion_tail,factor2,0.19773603667562567,0.20506745116593,0.007331414490304363,,0.7331414490304363,-0.04404235511694998,0.0972130705211839,False,0.8417158284171583,0.5792,98,21
ca_urc,ca_drg,pga,high_motion_tail,under05,0.5736423677278308,0.5380486882988936,-0.035593679428937215,,-3.5593679428937217,-0.15770039681764073,0.012578001274337452,False,0.21957804219578042,0.8903,98,21
ca_urc,ca_drg,pgv,overall,mae,0.2670999830056514,0.2634863156044293,-0.003613667401222123,-1.352926855538461,,-0.008222372214113965,0.0010279469114832399,False,0.12958704129587043,0.9353,224,22
ca_urc,ca_drg,pgv,overall,factor2,0.6717857142857143,0.6696875,-0.0020982142857142844,,-0.20982142857142844,-0.010673116830455114,0.006835235667848704,False,0.6213378662133786,0.3106,224,22
ca_urc,ca_drg,pgv,overall,under05,0.08904017857142857,0.07785714285714285,-0.011183035714285713,,-1.1183035714285714,-0.015862218630268196,-0.0072486529780107735,True,0.00019998000199980003,1.0,224,22
ca_urc,ca_drg,pgv,high_motion_tail,mae,0.7317439035057789,0.6484098234134111,-0.08333408009236785,-11.388421508278372,,-0.09475533041859953,-0.07005383600717408,True,0.00019998000199980003,1.0,87,18
ca_urc,ca_drg,pgv,high_motion_tail,factor2,0.12973325422184004,0.20573960570130637,0.07600635147946633,,7.600635147946633,0.018186648030535085,0.1540288288381834,True,0.007399260073992601,0.9964,87,18
ca_urc,ca_drg,pgv,high_motion_tail,under05,0.6706317636252959,0.6035403025075544,-0.06709146111774131,,-6.709146111774131,-0.1599146901570304,-0.01652082719854156,True,0.0035996400359964,0.9983,87,18
