station_id,station_role,split,n_event_occurrences,n_p_reached_occurrences
CI.ABL.--,seen,test,12,12
CI.ABL.--,seen,train,24,0
CI.ACP.--,ood_holdout,train,72,1
CI.ACP.--,ood_holdout,validation,55,0
CI.ADO.--,seen,test,65,0
CI.ADO.--,seen,train,800,1
CI.ADO.--,seen,validation,29,0
CI.AGM.--,seen,test,5,5
CI.AGM.--,seen,train,99,61
CI.AGM.--,seen,validation,61,24
CI.AGO.--,seen,test,13,0
CI.AGO.--,seen,train,99,3
CI.AGO.--,seen,validation,5,0
CI.ALP.--,seen,test,28,0
CI.ALP.--,seen,train,819,2
CI.ALP.--,seen,validation,21,0
CI.ANG.--,seen,train,39,0
CI.ANG.--,seen,validation,25,0
CI.APL.--,seen,test,15,2
CI.APL.--,seen,train,701,9
CI.APL.--,seen,validation,17,3
CI.ARV.--,seen,test,16,2
CI.ARV.--,seen,train,798,15
CI.ARV.--,seen,validation,14,0
CI.ASP.--,ood_holdout,test,18,0
CI.ASP.--,ood_holdout,train,639,1
CI.ASP.--,ood_holdout,validation,10,0
CI.AVC.--,seen,train,15,5
CI.AVM.--,ood_holdout,test,15,0
CI.AVM.--,ood_holdout,train,714,11
CI.AVM.--,ood_holdout,validation,16,3
CI.BAC.--,seen,test,98,0
CI.BAC.--,seen,train,235,0
CI.BAC.--,seen,validation,61,0
CI.BAI.--,seen,test,25,12
CI.BAI.--,seen,train,754,3
CI.BAI.--,seen,validation,14,0
CI.BAK.--,seen,test,25,6
CI.BAK.--,seen,train,795,13
CI.BAK.--,seen,validation,13,0
CI.BAR.--,ood_holdout,test,194,0
CI.BAR.--,ood_holdout,train,357,33
CI.BAR.--,ood_holdout,validation,188,6
CI.BAW.--,seen,test,2,2
CI.BAW.--,seen,train,30,2
CI.BBR.--,seen,test,95,0
CI.BBR.--,seen,train,813,1
CI.BBR.--,seen,validation,55,0
CI.BBS.--,ood_holdout,test,142,0
CI.BBS.--,ood_holdout,train,290,1
CI.BBS.--,ood_holdout,validation,137,0
CI.BC3.--,seen,test,193,1
CI.BC3.--,seen,train,328,0
CI.BC3.--,seen,validation,185,0
CI.BCH.--,ood_holdout,train,4,2
CI.BCW.--,seen,test,2,2
CI.BCW.--,seen,train,511,9
CI.BCW.--,seen,validation,13,0
CI.BEL.--,ood_holdout,test,193,0
CI.BEL.--,ood_holdout,train,328,0
CI.BEL.--,ood_holdout,validation,184,0
CI.BFS.--,seen,test,67,0
CI.BFS.--,seen,train,800,1
CI.BFS.--,seen,validation,33,0
CI.BHP.--,seen,train,100,4
CI.BHP.--,seen,validation,8,0
CI.BLA2.--,seen,test,189,0
CI.BLA2.--,seen,train,345,2
CI.BLA2.--,seen,validation,184,0
CI.BLC.--,seen,test,13,0
CI.BLC.--,seen,train,65,0
CI.BLY.--,seen,test,191,0
CI.BLY.--,seen,train,303,0
CI.BLY.--,seen,validation,181,0
CI.BOM.--,seen,test,191,32
CI.BOM.--,seen,train,334,17
CI.BOM.--,seen,validation,188,8
CI.BOR.--,seen,test,191,0
CI.BOR.--,seen,train,352,13
CI.BOR.--,seen,validation,182,6
CI.BRE.--,seen,test,55,0
CI.BRE.--,seen,train,104,4
CI.BRE.--,seen,validation,14,0
CI.BTC.--,seen,test,158,136
CI.BTC.--,seen,train,111,90
CI.BTC.--,seen,validation,127,104
CI.BTL2.--,ood_holdout,test,2,0
CI.BTL2.--,ood_holdout,train,18,0
CI.BTP.--,ood_holdout,test,13,0
CI.BTP.--,ood_holdout,train,420,2
CI.BTP.--,ood_holdout,validation,10,0
CI.BUE.--,seen,test,6,0
CI.BUE.--,seen,train,30,9
CI.CAC.--,seen,train,510,1
CI.CAC.--,seen,validation,13,0
CI.CAR.--,seen,test,13,1
CI.CAR.--,seen,train,144,24
CI.CAR.--,seen,validation,13,0
CI.CBC.--,seen,train,33,0
CI.CBC.--,seen,validation,7,0
CI.CBC.10,ood_holdout,train,647,0
CI.CBC.10,ood_holdout,validation,5,0
CI.CBC.30,seen,train,1,0
CI.CBC.40,seen,train,28,0
CI.CBC.41,seen,train,19,0
CI.CCA.--,seen,test,28,0
CI.CCA.--,seen,train,759,4
CI.CCA.--,seen,validation,17,0
CI.CCC.--,seen,test,15,8
CI.CCC.--,seen,train,776,247
CI.CCC.--,seen,validation,16,1
CI.CCK.--,seen,test,15,0
CI.CCK.--,seen,train,29,0
CI.CCT.--,seen,test,2,0
CI.CCT.--,seen,train,17,0
CI.CDD.--,seen,train,77,15
CI.CDD.--,seen,validation,61,0
CI.CDM.--,seen,test,13,0
CI.CDM.--,seen,train,9,1
CI.CFD.--,seen,test,13,0
CI.CFD.--,seen,train,43,4
CI.CFS.00,seen,test,84,0
CI.CFS.00,seen,train,419,0
CI.CFS.00,seen,validation,21,0
CI.CFS.01,seen,test,1,0
CI.CFS.01,seen,train,1,0
CI.CFT.--,seen,test,68,0
CI.CFT.--,seen,train,108,0
CI.CFT.--,seen,validation,49,0
CI.CGO.--,seen,test,13,0
CI.CGO.--,seen,train,745,18
CI.CGO.--,seen,validation,14,0
CI.CHF.--,seen,test,28,0
CI.CHF.--,seen,train,797,0
CI.CHF.--,seen,validation,15,0
CI.CHI.--,seen,test,13,0
CI.CHI.--,seen,train,33,5
CI.CHK.--,seen,test,13,0
CI.CHK.--,seen,train,10,1
CI.CHL.--,seen,test,2,0
CI.CHL.--,seen,train,10,0
CI.CHN.--,seen,test,58,0
CI.CHN.--,seen,train,139,1
CI.CHN.--,seen,validation,18,0
CI.CHR.--,seen,test,13,13
CI.CHR.--,seen,train,58,1
CI.CIA.--,seen,test,3,0
CI.CIA.--,seen,train,77,13
CI.CIA.--,seen,validation,10,0
CI.CJM.--,seen,test,72,0
CI.CJM.--,seen,train,752,0
CI.CJM.--,seen,validation,16,0
CI.CJV2.--,seen,test,28,0
CI.CJV2.--,seen,train,764,0
CI.CJV2.--,seen,validation,16,0
CI.CKP.--,seen,test,5,0
CI.CKP.--,seen,train,77,0
CI.CKP.--,seen,validation,61,0
CI.CLC.--,seen,test,13,13
CI.CLC.--,seen,train,754,591
CI.CLC.--,seen,validation,15,5
CI.CLI2.--,seen,test,21,15
CI.CLI2.--,seen,train,129,32
CI.CLI2.--,seen,validation,42,17
CI.CLO.--,seen,test,13,0
CI.CLO.--,seen,train,41,5
CI.CLT.--,ood_holdout,test,92,0
CI.CLT.--,ood_holdout,train,385,0
CI.CLT.--,ood_holdout,validation,20,0
CI.COA.--,seen,test,20,5
CI.COA.--,seen,train,171,119
CI.COA.--,seen,validation,61,23
CI.COK2.--,seen,test,28,19
CI.COK2.--,seen,train,204,152
CI.COK2.--,seen,validation,61,47
CI.CPO.--,seen,test,20,0
CI.CPO.--,seen,train,131,3
CI.CPO.--,seen,validation,61,0
CI.CPT2.--,ood_holdout,test,5,0
CI.CPT2.--,ood_holdout,train,114,5
CI.CPT2.--,ood_holdout,validation,61,0
CI.CRF.--,seen,train,11,0
CI.CRG.--,seen,test,12,1
CI.CRG.--,seen,train,358,9
CI.CRG.--,seen,validation,13,0
CI.CRN.--,ood_holdout,test,82,0
CI.CRN.--,ood_holdout,train,139,1
CI.CRN.--,ood_holdout,validation,19,0
CI.CRR.--,seen,test,20,4
CI.CRR.--,seen,train,180,20
CI.CRR.--,seen,validation,61,0
CI.CRY.--,seen,test,12,4
CI.CRY.--,seen,train,12,0
CI.CSH.--,seen,test,23,0
CI.CSH.--,seen,train,120,1
CI.CSH.--,seen,validation,36,0
CI.CSL.--,ood_holdout,test,26,0
CI.CSL.--,ood_holdout,train,735,0
CI.CSL.--,ood_holdout,validation,14,0
CI.CTC.--,ood_holdout,test,193,1
CI.CTC.--,ood_holdout,train,347,0
CI.CTC.--,ood_holdout,validation,185,1
CI.CTD.--,seen,train,24,7
CI.CTW.--,seen,test,21,1
CI.CTW.--,seen,train,168,0
CI.CTW.--,seen,validation,61,0
CI.CVW.--,seen,test,25,12
CI.CVW.--,seen,train,764,3
CI.CVW.--,seen,validation,14,0
CI.CWC.--,seen,test,13,0
CI.CWC.--,seen,train,745,33
CI.CWC.--,seen,validation,14,1
CI.CWP.--,seen,train,25,1
CI.CWP.--,seen,validation,4,0
CI.CYP.--,seen,test,5,0
CI.CYP.--,seen,train,94,0
CI.CYP.--,seen,validation,61,0
CI.CZN.--,seen,test,23,0
CI.CZN.--,seen,train,171,1
CI.CZN.--,seen,validation,64,0
CI.DAN.--,seen,test,81,0
CI.DAN.--,seen,train,130,1
CI.DAN.--,seen,validation,56,0
CI.DAW.--,seen,test,13,4
CI.DAW.--,seen,train,693,68
CI.DAW.--,seen,validation,15,7
CI.DEC.--,seen,test,22,0
CI.DEC.--,seen,train,809,1
CI.DEC.--,seen,validation,18,0
CI.DEV.--,seen,test,173,0
CI.DEV.--,seen,train,281,1
CI.DEV.--,seen,validation,118,0
CI.DGR.--,ood_holdout,test,191,0
CI.DGR.--,ood_holdout,train,361,0
CI.DGR.--,ood_holdout,validation,182,0
CI.DJJ.--,seen,test,13,0
CI.DJJ.--,seen,train,109,5
CI.DJJ.--,seen,validation,8,0
CI.DJJB.--,seen,train,26,0
CI.DJJB.--,seen,validation,8,0
CI.DJJB.01,seen,test,13,0
CI.DJJB.01,seen,train,82,1
CI.DLA.--,seen,test,3,0
CI.DLA.--,seen,train,92,4
CI.DLA.--,seen,validation,10,0
CI.DNR.--,seen,test,196,0
CI.DNR.--,seen,train,344,3
CI.DNR.--,seen,validation,185,5
CI.DPP.--,seen,test,193,0
CI.DPP.--,seen,train,356,21
CI.DPP.--,seen,validation,188,1
CI.DRE.--,seen,test,195,180
CI.DRE.--,seen,train,323,252
CI.DRE.--,seen,validation,186,140
CI.DSC.--,seen,test,64,0
CI.DSC.--,seen,train,760,2
CI.DSC.--,seen,validation,27,0
CI.DSN5.50,seen,train,4,0
CI.DSN5.51,ood_holdout,train,9,0
CI.DSN5.A0,seen,train,59,0
CI.DSN5.A0,seen,validation,2,0
CI.DSN5.B0,seen,train,24,0
CI.DSN6.60,seen,train,13,0
CI.DSN6.A0,seen,train,74,0
CI.DSN8.--,seen,train,51,0
CI.DTC.--,seen,test,26,0
CI.DTC.--,seen,train,716,0
CI.DTC.--,seen,validation,13,0
CI.DTP.--,seen,test,28,0
CI.DTP.--,seen,train,745,28
CI.DTP.--,seen,validation,16,0
CI.DVT.--,seen,train,3,2
CI.DZA.--,seen,test,12,0
CI.DZA.--,seen,train,130,10
CI.DZA.--,seen,validation,61,0
CI.EDW2.--,ood_holdout,test,28,0
CI.EDW2.--,ood_holdout,train,795,0
CI.EDW2.--,ood_holdout,validation,21,0
CI.ELO.--,ood_holdout,train,35,23
CI.ELO.--,ood_holdout,validation,25,22
CI.ELS2.--,seen,test,17,0
CI.ELS2.--,seen,train,108,1
CI.ELS2.--,seen,validation,41,0
CI.EML.--,seen,test,189,0
CI.EML.--,seen,train,330,29
CI.EML.--,seen,validation,185,5
CI.EMS.--,seen,test,21,5
CI.EMS.--,seen,train,165,106
CI.EMS.--,seen,validation,61,23
CI.EOC.--,ood_holdout,test,13,0
CI.EOC.--,ood_holdout,train,33,8
CI.ERR.--,ood_holdout,test,194,65
CI.ERR.--,ood_holdout,train,334,46
CI.ERR.--,ood_holdout,validation,187,38
CI.ESI.--,seen,test,17,0
CI.ESI.--,seen,train,71,0
CI.ESI2.--,seen,train,78,0
CI.ESI2.--,seen,validation,57,0
CI.FDR.--,ood_holdout,test,25,1
CI.FDR.--,ood_holdout,train,688,1
CI.FDR.--,ood_holdout,validation,14,0
CI.FHO.--,seen,test,101,0
CI.FHO.--,seen,train,244,0
CI.FHO.--,seen,validation,102,0
CI.FIG.--,seen,train,83,14
CI.FMO.--,seen,test,13,0
CI.FMO.--,seen,train,296,4
CI.FMO.--,seen,validation,12,0
CI.FMP.--,seen,test,2,0
CI.FMP.--,seen,train,95,7
CI.FMP.--,seen,validation,10,0
CI.FON.--,seen,test,86,0
CI.FON.--,seen,train,452,1
CI.FON.--,seen,validation,19,0
CI.FOX2.--,seen,test,28,0
CI.FOX2.--,seen,train,757,2
CI.FOX2.--,seen,validation,17,0
CI.FRK.--,seen,test,5,0
CI.FRK.--,seen,train,84,8
CI.FRK.--,seen,validation,55,9
CI.FRM.--,seen,test,25,11
CI.FRM.--,seen,train,743,1
CI.FRM.--,seen,validation,14,0
CI.FSR.--,ood_holdout,test,2,0
CI.FSR.--,ood_holdout,train,28,13
CI.FUL.--,seen,test,55,0
CI.FUL.--,seen,train,106,4
CI.FUL.--,seen,validation,15,0
CI.FUR.--,seen,test,13,0
CI.FUR.--,seen,train,729,2
CI.FUR.--,seen,validation,13,0
CI.GATR.--,seen,train,50,8
CI.GCC.--,seen,test,19,0
CI.GCC.--,seen,train,692,0
CI.GCC.--,seen,validation,15,0
CI.GDF.--,ood_holdout,test,13,1
CI.GDF.--,ood_holdout,train,24,1
CI.GFF.--,seen,train,11,0
CI.GFS.--,seen,test,13,0
CI.GFS.--,seen,train,23,7
CI.GLA.--,seen,test,193,105
CI.GLA.--,seen,train,322,159
CI.GLA.--,seen,validation,162,115
CI.GMA.--,seen,test,29,0
CI.GMA.--,seen,train,165,0
CI.GMA.--,seen,validation,65,0
CI.GMR.--,seen,test,78,0
CI.GMR.--,seen,train,77,1
CI.GMR.--,seen,validation,16,0
CI.GOR.--,seen,test,173,0
CI.GOR.--,seen,train,279,17
CI.GOR.--,seen,validation,119,0
CI.GOU.--,seen,test,26,0
CI.GOU.--,seen,train,744,0
CI.GOU.--,seen,validation,15,0
CI.GR2.--,seen,test,13,0
CI.GR2.--,seen,train,103,1
CI.GR2.01,ood_holdout,train,1,0
CI.GRA.--,seen,test,13,0
CI.GRA.--,seen,train,713,0
CI.GRA.--,seen,validation,14,0
CI.GSA.--,seen,train,133,0
CI.GSA.--,seen,validation,10,0
CI.GSC.--,seen,test,15,2
CI.GSC.--,seen,train,746,11
CI.GSC.--,seen,validation,21,3
CI.GVR.--,seen,train,43,1
CI.HAR.--,seen,test,15,1
CI.HAR.--,seen,train,729,4
CI.HAR.--,seen,validation,17,3
CI.HAY.--,ood_holdout,test,20,1
CI.HAY.--,ood_holdout,train,168,0
CI.HAY.--,ood_holdout,validation,61,0
CI.HDH.--,seen,test,25,9
CI.HDH.--,seen,train,736,0
CI.HDH.--,seen,validation,14,0
CI.HEC.--,seen,test,82,2
CI.HEC.--,seen,train,774,9
CI.HEC.--,seen,validation,29,0
CI.HHL.--,ood_holdout,train,4,0
CI.HIW.--,seen,test,6,0
CI.HIW.--,seen,train,12,0
CI.HIW.--,seen,validation,3,0
CI.HLL.--,seen,test,13,0
CI.HLL.--,seen,train,125,1
CI.HLL.--,seen,validation,7,0
CI.HLN.--,seen,test,94,0
CI.HLN.--,seen,train,443,0
CI.HLN.--,seen,validation,21,0
CI.HMT2.--,ood_holdout,test,23,0
CI.HMT2.--,ood_holdout,train,184,1
CI.HMT2.--,ood_holdout,validation,62,0
CI.HOL.--,ood_holdout,test,15,0
CI.HOL.--,ood_holdout,train,734,0
CI.HOL.--,ood_holdout,validation,17,0
CI.HRV.--,seen,test,13,13
CI.HRV.--,seen,train,42,0
CI.HYS.--,seen,test,15,0
CI.HYS.--,seen,train,740,2
CI.HYS.--,seen,validation,17,0
CI.IBP.--,seen,test,80,78
CI.IBP.--,seen,train,58,38
CI.IBP.--,seen,validation,89,68
CI.IDO.--,seen,test,198,0
CI.IDO.--,seen,train,269,1
CI.IDO.--,seen,validation,147,0
CI.IDQ.--,seen,test,144,0
CI.IDQ.--,seen,train,254,1
CI.IDQ.--,seen,validation,92,0
CI.IDY.--,seen,test,23,0
CI.IDY.--,seen,train,177,2
CI.IDY.--,seen,validation,52,0
CI.IKP.--,ood_holdout,test,117,51
CI.IKP.--,ood_holdout,train,250,97
CI.IKP.--,ood_holdout,validation,81,20
CI.IMP.--,seen,test,21,13
CI.IMP.--,seen,train,168,119
CI.IMP.--,seen,validation,61,48
CI.IPT.--,seen,test,79,0
CI.IPT.--,seen,train,702,0
CI.IPT.--,seen,validation,13,0
CI.IRM.--,seen,test,196,0
CI.IRM.--,seen,train,316,0
CI.IRM.--,seen,validation,181,0
CI.ISA.--,ood_holdout,test,26,0
CI.ISA.--,ood_holdout,train,785,16
CI.ISA.--,ood_holdout,validation,13,0
CI.IVY.--,seen,test,18,0
CI.IVY.--,seen,train,55,0
CI.JEM.--,seen,test,193,0
CI.JEM.--,seen,train,341,10
CI.JEM.--,seen,validation,189,7
CI.JNH2.--,seen,test,28,0
CI.JNH2.--,seen,train,756,0
CI.JNH2.--,seen,validation,16,0
CI.JPLS.--,seen,test,26,0
CI.JPLS.--,seen,train,59,0
CI.JPLS.--,seen,validation,3,0
CI.JRC2.--,ood_holdout,test,15,4
CI.JRC2.--,ood_holdout,train,761,543
CI.JRC2.--,ood_holdout,validation,17,12
CI.JTH.--,seen,test,23,0
CI.JTH.--,seen,train,134,0
CI.JTH.--,seen,validation,64,0
CI.JVA.--,seen,test,92,0
CI.JVA.--,seen,train,780,1
CI.JVA.--,seen,validation,60,0
CI.KIK.--,seen,test,9,0
CI.KIK.--,seen,train,742,2
CI.KIK.--,seen,validation,23,0
CI.KML.--,seen,test,57,0
CI.KML.--,seen,train,104,10
CI.KML.--,seen,validation,13,0
CI.KRV1.--,seen,test,13,9
CI.KRV1.--,seen,train,40,0
CI.KRV3.--,ood_holdout,test,13,0
CI.KRV3.--,ood_holdout,train,41,3
CI.KYV.--,seen,test,23,0
CI.KYV.--,seen,train,175,0
CI.KYV.--,seen,validation,64,0
CI.LAF.--,seen,train,99,4
CI.LAF.--,seen,validation,9,0
CI.LAT.--,seen,test,13,0
CI.LAT.--,seen,train,21,3
CI.LBW1.--,ood_holdout,test,3,0
CI.LBW1.--,ood_holdout,train,24,0
CI.LBW1.--,ood_holdout,validation,11,0
CI.LBW1.00,seen,test,13,0
CI.LBW1.00,seen,train,76,6
CI.LBW1.02,seen,test,1,0
CI.LBW1.02,seen,train,5,0
CI.LBW2.01,seen,test,14,0
CI.LBW2.01,seen,train,56,0
CI.LCG.--,seen,train,103,5
CI.LCG.--,seen,validation,7,0
CI.LCP.--,seen,test,13,0
CI.LCP.--,seen,train,70,9
CI.LDF.--,seen,test,3,0
CI.LDF.--,seen,train,30,0
CI.LDF.--,seen,validation,2,0
CI.LDR.--,ood_holdout,test,28,0
CI.LDR.--,ood_holdout,train,815,6
CI.LDR.--,ood_holdout,validation,17,0
CI.LEO.--,seen,test,28,0
CI.LEO.--,seen,train,770,2
CI.LEO.--,seen,validation,17,0
CI.LEV.--,seen,train,71,2
CI.LEV.--,seen,validation,5,0
CI.LFP.--,ood_holdout,test,15,0
CI.LFP.--,ood_holdout,train,792,3
CI.LFP.--,ood_holdout,validation,17,0
CI.LGB.--,seen,train,96,4
CI.LGB.--,seen,validation,9,0
CI.LGU.--,seen,train,43,4
CI.LJR.--,seen,test,13,0
CI.LJR.--,seen,train,799,9
CI.LJR.--,seen,validation,13,0
CI.LKH.--,seen,test,21,0
CI.LKH.--,seen,train,179,0
CI.LKH.--,seen,validation,61,0
CI.LLS.--,seen,test,55,0
CI.LLS.--,seen,train,112,8
CI.LLS.--,seen,validation,15,0
CI.LMH.--,seen,test,18,0
CI.LMH.--,seen,train,99,0
CI.LMH.--,seen,validation,19,0
CI.LMR2.--,seen,test,28,0
CI.LMR2.--,seen,train,795,1
CI.LMR2.--,seen,validation,22,0
CI.LMS.--,seen,test,17,0
CI.LMS.--,seen,train,67,0
CI.LMS.--,seen,validation,3,0
CI.LMY.--,ood_holdout,test,15,11
CI.LMY.--,ood_holdout,train,658,3
CI.LMY.--,ood_holdout,validation,12,0
CI.LOC.--,seen,test,11,0
CI.LOC.--,seen,train,26,3
CI.LPC.--,seen,test,65,0
CI.LPC.--,seen,train,175,1
CI.LPC.--,seen,validation,22,0
CI.LRL.--,seen,test,15,8
CI.LRL.--,seen,train,783,307
CI.LRL.--,seen,validation,16,1
CI.LRR2.--,seen,test,28,0
CI.LRR2.--,seen,train,756,0
CI.LRR2.--,seen,validation,17,0
CI.LTP.--,seen,test,3,0
CI.LTP.--,seen,train,98,5
CI.LTP.--,seen,validation,10,0
CI.LUC2.--,seen,test,29,0
CI.LUC2.--,seen,train,734,0
CI.LUC2.--,seen,validation,17,0
CI.LUG.--,ood_holdout,test,65,0
CI.LUG.--,ood_holdout,train,787,0
CI.LUG.--,ood_holdout,validation,16,0
CI.LUS.--,ood_holdout,test,5,0
CI.LUS.--,ood_holdout,train,99,8
CI.LUS.--,ood_holdout,validation,61,0
CI.LVO.--,seen,train,10,1
CI.LVY.--,ood_holdout,test,13,0
CI.LVY.--,ood_holdout,train,33,4
CI.LYP.--,seen,test,5,0
CI.LYP.--,seen,train,120,10
CI.LYP.--,seen,validation,61,0
CI.MAG.--,ood_holdout,test,16,5
CI.MAG.--,ood_holdout,train,757,14
CI.MAG.--,ood_holdout,validation,14,0
CI.MAN.--,seen,test,13,0
CI.MAN.--,seen,train,4,0
CI.MCT.--,seen,test,180,0
CI.MCT.--,seen,train,318,1
CI.MCT.--,seen,validation,178,0
CI.MES.--,seen,test,13,0
CI.MES.--,seen,train,21,2
CI.MGE.--,seen,test,195,0
CI.MGE.--,seen,train,350,1
CI.MGE.--,seen,validation,167,0
CI.MIK.--,seen,train,444,0
CI.MIK.--,seen,validation,13,0
CI.MIKB.--,seen,train,356,0
CI.MIKB.--,seen,validation,11,0
CI.MIS.00,seen,train,90,5
CI.MIS.00,seen,validation,9,0
CI.MIS.01,ood_holdout,train,1,0
CI.MLAC.--,seen,train,88,0
CI.MLAC.--,seen,validation,12,0
CI.MLS.--,seen,test,73,0
CI.MLS.--,seen,train,144,1
CI.MLS.--,seen,validation,18,0
CI.MMC.--,seen,test,16,0
CI.MMC.--,seen,train,31,3
CI.MNO.--,seen,test,18,0
CI.MNO.--,seen,train,115,0
CI.MNO.--,seen,validation,55,0
CI.MOP.--,seen,test,13,0
CI.MOP.--,seen,train,108,7
CI.MOP.--,seen,validation,2,0
CI.MOR.--,seen,test,21,0
CI.MOR.--,seen,train,176,1
CI.MOR.--,seen,validation,61,0
CI.MPI.--,ood_holdout,test,17,12
CI.MPI.--,ood_holdout,train,523,6
CI.MPI.--,ood_holdout,validation,6,0
CI.MPM.--,seen,test,4,1
CI.MPM.--,seen,train,707,484
CI.MPM.--,seen,validation,14,7
CI.MPP.--,seen,test,13,0
CI.MPP.--,seen,train,104,3
CI.MRS.--,ood_holdout,test,2,0
CI.MRS.--,ood_holdout,train,90,6
CI.MRS.--,ood_holdout,validation,1,0
CI.MSC.--,seen,test,175,0
CI.MSC.--,seen,train,329,2
CI.MSC.--,seen,validation,172,0
CI.MSJ.--,seen,test,177,0
CI.MSJ.--,seen,train,339,0
CI.MSJ.--,seen,validation,166,0
CI.MTA.--,seen,test,5,0
CI.MTA.--,seen,train,95,5
CI.MTA.--,seen,validation,61,0
CI.MTG.--,seen,test,21,0
CI.MTG.--,seen,train,177,0
CI.MTG.--,seen,validation,61,0
CI.MTP.--,seen,test,14,0
CI.MTP.--,seen,train,277,0
CI.MTP.--,seen,validation,9,0
CI.MUR.--,seen,test,181,0
CI.MUR.--,seen,train,341,1
CI.MUR.--,seen,validation,171,0
CI.MWC.--,ood_holdout,test,13,0
CI.MWC.--,ood_holdout,train,805,2
CI.MWC.--,ood_holdout,validation,25,0
CI.NBS.--,seen,test,84,2
CI.NBS.--,seen,train,782,11
CI.NBS.--,seen,validation,30,3
CI.NCH.--,seen,test,12,2
CI.NCH.--,seen,train,68,1
CI.NCH.--,seen,validation,11,0
CI.NEE2.--,seen,test,65,0
CI.NEE2.--,seen,train,24,0
CI.NEE2.--,seen,validation,10,0
CI.NEN.--,seen,test,26,0
CI.NEN.--,seen,train,759,2
CI.NEN.--,seen,validation,17,0
CI.NJQ.--,ood_holdout,test,13,0
CI.NJQ.--,ood_holdout,train,76,16
CI.NOT.--,seen,test,13,0
CI.NOT.--,seen,train,132,3
CI.NOT.--,seen,validation,5,0
CI.NPN.--,seen,test,4,0
CI.NPN.--,seen,train,13,0
CI.NQ088.01,seen,train,10,0
CI.NSS2.--,seen,test,194,3
CI.NSS2.--,seen,train,347,1
CI.NSS2.--,seen,validation,188,0
CI.NWH.--,seen,test,9,0
CI.NWH.--,seen,train,18,2
CI.OAT.--,seen,test,14,0
CI.OAT.--,seen,train,646,2
CI.OAT.--,seen,validation,12,0
CI.OCP.--,seen,test,21,4
CI.OCP.--,seen,train,133,20
CI.OCP.--,seen,validation,58,0
CI.OGC.--,seen,test,56,0
CI.OGC.--,seen,train,112,2
CI.OGC.--,seen,validation,15,0
CI.OLI.--,seen,test,52,0
CI.OLI.--,seen,train,93,4
CI.OLI.--,seen,validation,15,0
CI.OLP.--,seen,test,195,0
CI.OLP.--,seen,train,350,27
CI.OLP.--,seen,validation,190,4
CI.OSI.--,seen,test,25,0
CI.OSI.--,seen,train,807,3
CI.OSI.--,seen,validation,14,0
CI.PALA.--,seen,test,21,0
CI.PALA.--,seen,train,179,1
CI.PALA.--,seen,validation,61,0
CI.PASC.00,seen,test,8,0
CI.PASC.00,seen,train,740,4
CI.PASC.00,seen,validation,22,0
CI.PASC.10,seen,train,9,0
CI.PDE.--,seen,test,13,0
CI.PDE.--,seen,train,790,3
CI.PDE.--,seen,validation,18,0
CI.PDM.--,ood_holdout,test,84,0
CI.PDM.--,ood_holdout,train,134,0
CI.PDM.--,ood_holdout,validation,58,0
CI.PDR.--,seen,train,102,5
CI.PDR.--,seen,validation,8,0
CI.PDU.--,seen,test,70,0
CI.PDU.--,seen,train,772,0
CI.PDU.--,seen,validation,20,0
CI.PDW.--,seen,test,18,0
CI.PDW.--,seen,train,36,0
CI.PDW.--,seen,validation,3,0
CI.PEM.--,ood_holdout,test,2,0
CI.PEM.--,ood_holdout,train,38,0
CI.PER.--,ood_holdout,test,103,0
CI.PER.--,ood_holdout,train,241,0
CI.PER.--,ood_holdout,validation,119,0
CI.PGA.--,seen,test,21,0
CI.PGA.--,seen,train,189,0
CI.PGA.--,seen,validation,61,0
CI.PHL.--,seen,train,57,15
CI.PLM.--,seen,test,194,0
CI.PLM.--,seen,train,354,4
CI.PLM.--,seen,validation,163,4
CI.PLR.--,seen,train,45,1
CI.PLR.--,seen,validation,25,0
CI.PLS.--,seen,test,80,0
CI.PLS.--,seen,train,128,3
CI.PLS.--,seen,validation,15,0
CI.PMD.--,seen,test,196,0
CI.PMD.--,seen,train,361,2
CI.PMD.--,seen,validation,187,5
CI.POB2.--,ood_holdout,test,23,0
CI.POB2.--,ood_holdout,train,193,1
CI.POB2.--,ood_holdout,validation,61,0
CI.POP.--,seen,test,14,0
CI.POP.--,seen,train,45,0
CI.POR.--,seen,test,26,0
CI.POR.--,seen,train,690,3
CI.POR.--,seen,validation,13,0
CI.PSD.--,ood_holdout,test,183,0
CI.PSD.--,ood_holdout,train,341,2
CI.PSD.--,ood_holdout,validation,161,0
CI.PSR.--,ood_holdout,test,61,0
CI.PSR.--,ood_holdout,train,387,2
CI.PSR.--,ood_holdout,validation,20,0
CI.PTD.--,seen,test,13,0
CI.PTD.--,seen,train,11,0
CI.PUT.--,ood_holdout,test,28,0
CI.PUT.--,ood_holdout,train,744,0
CI.PUT.--,ood_holdout,validation,17,0
CI.PZA.--,seen,test,13,0
CI.PZA.--,seen,train,6,2
CI.Q0001.01,seen,train,3,0
CI.Q0002.01,seen,train,3,0
CI.Q0003.01,seen,train,2,0
CI.Q0004.01,ood_holdout,train,5,0
CI.Q0004.01,ood_holdout,validation,11,0
CI.Q0005.01,ood_holdout,train,4,0
CI.Q0006.01,seen,train,5,0
CI.Q0006.01,seen,validation,8,0
CI.Q0007.01,ood_holdout,train,4,0
CI.Q0007.01,ood_holdout,validation,11,0
CI.Q0008.01,seen,train,5,0
CI.Q0008.01,seen,validation,8,0
CI.Q0009.01,seen,train,4,0
CI.Q0010.01,seen,train,2,0
CI.Q0011.01,ood_holdout,train,1,0
CI.Q0012.01,seen,train,5,0
CI.Q0012.01,seen,validation,10,0
CI.Q0013.01,seen,train,3,0
CI.Q0015.01,seen,train,3,0
CI.Q0016.01,seen,train,2,0
CI.Q0017.01,ood_holdout,train,2,0
CI.Q0017.01,ood_holdout,validation,11,0
CI.Q0018.01,seen,train,5,0
CI.Q0026.01,ood_holdout,train,3,0
CI.Q0027.01,seen,train,4,2
CI.Q0027.01,seen,validation,7,1
CI.Q0028.01,ood_holdout,train,4,0
CI.Q0028.01,ood_holdout,validation,1,0
CI.Q0029.01,seen,train,4,0
CI.Q0030.01,seen,train,4,0
CI.Q0031.01,seen,train,2,0
CI.Q335.A0,seen,train,16,0
CI.QAD.--,seen,test,13,0
CI.QAD.--,seen,train,18,6
CI.QLC.--,ood_holdout,test,13,0
CI.QLC.--,ood_holdout,train,32,0
CI.QUG.--,seen,test,25,0
CI.QUG.--,seen,train,805,2
CI.QUG.--,seen,validation,19,0
CI.RAG.--,seen,test,31,0
CI.RAG.--,seen,train,708,4
CI.RAG.--,seen,validation,5,0
CI.RCR.--,seen,train,62,1
CI.RCR.--,seen,validation,61,0
CI.RCT.--,seen,train,71,10
CI.RCU.--,seen,test,23,0
CI.RCU.--,seen,train,284,0
CI.RCU.--,seen,validation,4,0
CI.RFR.--,seen,test,13,0
CI.RFR.--,seen,train,21,2
CI.RHC2.--,ood_holdout,train,32,1
CI.RHR.--,seen,test,5,0
CI.RHR.--,seen,train,111,3
CI.RHR.--,seen,validation,61,0
CI.RIN.--,seen,test,14,0
CI.RIN.--,seen,train,178,2
CI.RIN.--,seen,validation,3,0
CI.RINB.--,seen,train,14,0
CI.RINB.--,seen,validation,3,0
CI.RINB.01,ood_holdout,test,13,0
CI.RINB.01,ood_holdout,train,143,0
CI.RIO.--,seen,test,5,0
CI.RIO.--,seen,train,208,2
CI.RIO.--,seen,validation,14,0
CI.RKMO.--,seen,test,16,0
CI.RKMO.--,seen,train,45,2
CI.RMM.--,seen,test,80,2
CI.RMM.--,seen,train,750,8
CI.RMM.--,seen,validation,15,0
CI.RPK.--,seen,train,3,0
CI.RPV.--,seen,train,94,8
CI.RPV.--,seen,validation,8,0
CI.RRC.--,seen,test,15,0
CI.RRC.--,seen,train,40,1
CI.RRX.--,seen,test,64,2
CI.RRX.--,seen,train,781,8
CI.RRX.--,seen,validation,21,3
CI.RSB.--,ood_holdout,test,10,0
CI.RSB.--,ood_holdout,train,35,0
CI.RSB.--,ood_holdout,validation,18,0
CI.RSB.01,seen,test,65,0
CI.RSB.01,seen,train,125,0
CI.RSB.01,seen,validation,3,0
CI.RSB.02,seen,train,1,0
CI.RSI.--,seen,test,13,0
CI.RSI.--,seen,train,18,1
CI.RSP.--,seen,test,2,0
CI.RSP.--,seen,train,13,0
CI.RSS.--,seen,test,75,0
CI.RSS.--,seen,train,163,0
CI.RSS.--,seen,validation,21,0
CI.RUN.--,seen,test,15,0
CI.RUN.--,seen,train,171,108
CI.RUN.--,seen,validation,61,21
CI.RUS.--,seen,train,112,4
CI.RUS.--,seen,validation,9,0
CI.RVR.--,ood_holdout,test,82,0
CI.RVR.--,ood_holdout,train,150,1
CI.RVR.--,ood_holdout,validation,19,0
CI.RXH.--,ood_holdout,test,189,62
CI.RXH.--,ood_holdout,train,340,42
CI.RXH.--,ood_holdout,validation,187,39
CI.RYS.--,seen,test,12,6
CI.RYS.--,seen,train,6,0
CI.SAL.--,seen,test,192,35
CI.SAL.--,seen,train,346,14
CI.SAL.--,seen,validation,186,11
CI.SAN.--,seen,test,56,0
CI.SAN.--,seen,train,97,4
CI.SAN.--,seen,validation,12,0
CI.SBB2.--,seen,test,28,0
CI.SBB2.--,seen,train,802,1
CI.SBB2.--,seen,validation,21,0
CI.SBC.--,ood_holdout,train,88,16
CI.SBI.--,seen,train,68,5
CI.SBI.--,seen,validation,7,0
CI.SBPX.--,ood_holdout,test,87,0
CI.SBPX.--,ood_holdout,train,811,1
CI.SBPX.--,ood_holdout,validation,33,0
CI.SCI2.--,seen,test,3,0
CI.SCI2.--,seen,train,70,9
CI.SCI2.--,seen,validation,10,0
CI.SCZ2.--,seen,train,63,8
CI.SDD.--,seen,test,79,0
CI.SDD.--,seen,train,131,7
CI.SDD.--,seen,validation,13,0
CI.SDG.--,seen,test,194,0
CI.SDG.--,seen,train,355,26
CI.SDG.--,seen,validation,187,3
CI.SDR.--,seen,test,193,0
CI.SDR.--,seen,train,354,28
CI.SDR.--,seen,validation,163,4
CI.SES.--,seen,test,13,1
CI.SES.--,seen,train,128,5
CI.SES.--,seen,validation,3,0
CI.SEV.--,seen,test,2,0
CI.SEV.--,seen,train,30,9
CI.SGL.--,seen,test,21,7
CI.SGL.--,seen,train,174,140
CI.SGL.--,seen,validation,61,24
CI.SHO.--,seen,test,4,0
CI.SHO.--,seen,train,736,3
CI.SHO.--,seen,validation,16,0
CI.SHR.--,ood_holdout,train,42,1
CI.SHU.--,ood_holdout,test,28,0
CI.SHU.--,ood_holdout,train,762,0
CI.SHU.--,ood_holdout,validation,16,0
CI.SIL.--,ood_holdout,test,29,0
CI.SIL.--,ood_holdout,train,707,0
CI.SIL.--,ood_holdout,validation,35,0
CI.SIO.--,seen,train,23,1
CI.SLA.--,seen,test,15,13
CI.SLA.--,seen,train,756,388
CI.SLA.--,seen,validation,17,1
CI.SLB.--,seen,test,193,7
CI.SLB.--,seen,train,341,6
CI.SLB.--,seen,validation,187,1
CI.SLH.--,seen,test,21,1
CI.SLH.--,seen,train,171,1
CI.SLH.--,seen,validation,61,0
CI.SLM.--,seen,test,26,0
CI.SLM.--,seen,train,753,2
CI.SLM.--,seen,validation,14,0
CI.SLR.--,seen,test,188,0
CI.SLR.--,seen,train,344,1
CI.SLR.--,seen,validation,176,0
CI.SLV.--,ood_holdout,test,5,0
CI.SLV.--,ood_holdout,train,35,1
CI.SLV.--,ood_holdout,validation,36,25
CI.SMF2.--,seen,train,64,0
CI.SMI.--,seen,train,59,0
CI.SMM.--,seen,test,13,0
CI.SMM.--,seen,train,121,20
CI.SMM.--,seen,validation,12,0
CI.SMR.--,ood_holdout,train,62,20
CI.SMS.--,ood_holdout,train,41,3
CI.SMS.--,ood_holdout,validation,8,0
CI.SMT.--,seen,test,13,0
CI.SMT.--,seen,train,53,1
CI.SMV.--,seen,test,13,0
CI.SMV.--,seen,train,123,4
CI.SMV.--,seen,validation,5,0
CI.SMW.--,seen,test,13,0
CI.SMW.--,seen,train,66,3
CI.SNCC.--,seen,train,43,2
CI.SNO.--,seen,test,144,0
CI.SNO.--,seen,train,298,2
CI.SNO.--,seen,validation,150,0
CI.SNR.--,seen,test,94,78
CI.SNR.--,seen,train,216,166
CI.SNR.--,seen,validation,61,26
CI.SOC.--,seen,test,1,0
CI.SOC.--,seen,train,76,3
CI.SOC.--,seen,validation,21,0
CI.SOF.--,seen,test,4,0
CI.SOF.--,seen,train,56,1
CI.SOL2.--,seen,test,15,0
CI.SOL2.--,seen,train,41,0
CI.SPF.--,seen,test,13,0
CI.SPF.--,seen,train,94,5
CI.SPF.--,seen,validation,8,0
CI.SPG2.--,seen,test,26,0
CI.SPG2.--,seen,train,780,8
CI.SPG2.--,seen,validation,13,0
CI.SQC.--,seen,test,13,0
CI.SQC.--,seen,train,27,2
CI.SRA.--,seen,test,14,0
CI.SRA.--,seen,train,69,0
CI.SRA.--,seen,validation,42,0
CI.SRI.--,ood_holdout,train,48,0
CI.SRN.--,seen,test,56,0
CI.SRN.--,seen,train,120,4
CI.SRN.--,seen,validation,15,0
CI.SRT.--,ood_holdout,test,15,9
CI.SRT.--,ood_holdout,train,747,495
CI.SRT.--,ood_holdout,validation,17,1
CI.SS3.--,ood_holdout,test,2,0
CI.SS3.--,ood_holdout,train,14,0
CI.SSS.--,seen,test,17,0
CI.SSS.--,seen,train,57,0
CI.SSS.--,seen,validation,2,0
CI.STC.--,seen,test,13,0
CI.STC.--,seen,train,89,5
CI.STG.--,ood_holdout,test,72,0
CI.STG.--,ood_holdout,train,113,7
CI.STG.--,ood_holdout,validation,16,0
CI.STS.--,seen,test,3,0
CI.STS.--,seen,train,95,5
CI.STS.--,seen,validation,10,0
CI.SUN.--,seen,train,11,0
CI.SVD.--,seen,test,94,0
CI.SVD.--,seen,train,330,0
CI.SVD.--,seen,validation,45,0
CI.SWP.--,seen,test,21,0
CI.SWP.--,seen,train,128,2
CI.SWP.--,seen,validation,61,0
CI.SWS.--,seen,test,195,179
CI.SWS.--,seen,train,339,242
CI.SWS.--,seen,validation,190,151
CI.SYN.--,ood_holdout,test,13,0
CI.SYN.--,ood_holdout,train,30,9
CI.SYP.--,ood_holdout,train,71,14
CI.TA2.--,seen,test,64,0
CI.TA2.--,seen,train,791,1
CI.TA2.--,seen,validation,30,0
CI.TEH.--,ood_holdout,test,5,0
CI.TEH.--,ood_holdout,train,777,9
CI.TEH.--,ood_holdout,validation,16,0
CI.TEJ.--,seen,test,25,11
CI.TEJ.--,seen,train,779,6
CI.TEJ.--,seen,validation,13,0
CI.TER2.--,seen,test,17,5
CI.TER2.--,seen,train,100,2
CI.TER2.--,seen,validation,2,0
CI.TFT.--,ood_holdout,test,17,6
CI.TFT.--,ood_holdout,train,608,12
CI.TFT.--,ood_holdout,validation,12,0
CI.THC.--,seen,test,25,11
CI.THC.--,seen,train,776,5
CI.THC.--,seen,validation,14,0
CI.THM.--,seen,test,195,0
CI.THM.--,seen,train,314,0
CI.THM.--,seen,validation,180,0
CI.THM.LA,seen,test,1,0
CI.THM.LA,seen,train,32,0
CI.THM.LA,seen,validation,9,0
CI.TIN.--,seen,test,10,0
CI.TIN.--,seen,train,732,1
CI.TIN.--,seen,validation,13,0
CI.TJR.--,seen,test,25,10
CI.TJR.--,seen,train,761,5
CI.TJR.--,seen,validation,13,0
CI.TM3.--,seen,train,10,2
CI.TOR.--,ood_holdout,test,196,1
CI.TOR.--,ood_holdout,train,355,3
CI.TOR.--,ood_holdout,validation,188,6
CI.TOW2.--,ood_holdout,test,15,9
CI.TOW2.--,ood_holdout,train,739,501
CI.TOW2.--,ood_holdout,validation,16,5
CI.TPO.--,seen,test,28,0
CI.TPO.--,seen,train,768,0
CI.TPO.--,seen,validation,17,0
CI.TUQ.--,seen,test,15,0
CI.TUQ.--,seen,train,743,0
CI.TUQ.--,seen,validation,22,0
CI.USB.00,seen,test,13,0
CI.USB.00,seen,train,77,10
CI.USB.01,ood_holdout,train,1,0
CI.USC.--,seen,train,106,2
CI.USC.--,seen,validation,8,0
CI.VCP.--,seen,test,5,0
CI.VCP.--,seen,train,110,1
CI.VCP.--,seen,validation,61,0
CI.VCS.--,seen,test,28,0
CI.VCS.--,seen,train,768,0
CI.VCS.--,seen,validation,19,0
CI.VDJ.--,seen,test,5,0
CI.VDJ.--,seen,train,83,0
CI.VDJ.--,seen,validation,61,0
CI.VES.--,seen,test,26,0
CI.VES.--,seen,train,786,22
CI.VES.--,seen,validation,13,0
CI.VLO.--,seen,train,79,0
CI.VLO.--,seen,validation,61,0
CI.VLY.--,seen,test,23,0
CI.VLY.--,seen,train,166,0
CI.VLY.--,seen,validation,62,0
CI.VOG.--,ood_holdout,test,5,0
CI.VOG.--,ood_holdout,train,581,17
CI.VOG.--,ood_holdout,validation,12,0
CI.VTV.--,seen,test,64,0
CI.VTV.--,seen,train,783,0
CI.VTV.--,seen,validation,16,0
CI.WAS2.--,ood_holdout,test,26,0
CI.WAS2.--,ood_holdout,train,734,6
CI.WAS2.--,ood_holdout,validation,13,0
CI.WBM.--,seen,test,13,6
CI.WBM.--,seen,train,704,402
CI.WBM.--,seen,validation,17,0
CI.WBP.--,seen,test,25,0
CI.WBP.--,seen,train,60,23
CI.WBP.--,seen,validation,5,0
CI.WBS.--,seen,test,28,0
CI.WBS.--,seen,train,773,19
CI.WBS.--,seen,validation,17,0
CI.WCS2.--,seen,test,14,5
CI.WCS2.--,seen,train,725,458
CI.WCS2.--,seen,validation,16,10
CI.WES.--,seen,test,196,177
CI.WES.--,seen,train,268,212
CI.WES.--,seen,validation,152,119
CI.WGR.--,seen,test,13,1
CI.WGR.--,seen,train,123,7
CI.WGR.--,seen,validation,2,0
CI.WHF.--,seen,test,26,0
CI.WHF.--,seen,train,745,9
CI.WHF.--,seen,validation,16,0
CI.WLH2.--,seen,test,2,0
CI.WLH2.--,seen,train,58,10
CI.WLS.--,seen,train,12,0
CI.WLS2.--,seen,test,15,0
CI.WLS2.--,seen,train,723,0
CI.WLS2.--,seen,validation,17,0
CI.WLT.--,seen,test,51,0
CI.WLT.--,seen,train,107,3
CI.WLT.--,seen,validation,12,0
CI.WMD.--,seen,test,21,15
CI.WMD.--,seen,train,179,67
CI.WMD.--,seen,validation,61,44
CI.WMF.--,seen,test,13,0
CI.WMF.--,seen,train,714,279
CI.WMF.--,seen,validation,16,12
CI.WNM.--,seen,test,15,1
CI.WNM.--,seen,train,737,436
CI.WNM.--,seen,validation,17,11
CI.WNS.--,seen,train,27,1
CI.WNS.--,seen,validation,7,0
CI.WNS.00,seen,test,13,0
CI.WNS.00,seen,train,86,2
CI.WOR.--,seen,test,26,0
CI.WOR.--,seen,train,734,7
CI.WOR.--,seen,validation,17,0
CI.WRC2.--,seen,test,15,11
CI.WRC2.--,seen,train,719,426
CI.WRC2.--,seen,validation,17,8
CI.WRV2.--,seen,test,13,0
CI.WRV2.--,seen,train,739,425
CI.WRV2.--,seen,validation,17,11
CI.WSS.--,ood_holdout,test,6,0
CI.WSS.--,ood_holdout,train,113,4
CI.WSS.--,ood_holdout,validation,5,0
CI.WTT.--,seen,train,25,0
CI.WTT.--,seen,validation,9,0
CI.WTT2.--,seen,train,72,3
CI.WVP2.--,seen,test,13,3
CI.WVP2.--,seen,train,719,508
CI.WVP2.--,seen,validation,17,11
CI.WWC.--,seen,test,197,0
CI.WWC.--,seen,train,356,1
CI.WWC.--,seen,validation,190,0
CI.WWF.--,seen,test,20,14
CI.WWF.--,seen,train,147,19
CI.WWF.--,seen,validation,48,26
CI.XTL2.--,seen,train,10,0
CI.YEG2.--,ood_holdout,test,13,0
CI.YEG2.--,ood_holdout,train,58,3
CI.YEG2.--,ood_holdout,validation,12,0
CI.YUC.--,seen,test,18,0
CI.YUC.--,seen,train,173,0
CI.YUC.--,seen,validation,64,0
CI.YUH2.--,seen,test,21,5
CI.YUH2.--,seen,train,168,116
CI.YUH2.--,seen,validation,61,23
