section,split,metric,value
station_assignment,all,n_unique_station_ids,447.0
station_assignment,all,n_seen_station_ids,358.0
station_assignment,all,n_ood_station_ids,89.0
station_assignment,all,actual_ood_fraction,0.19910514541387025
event_feasibility,train,n_events_original,1189.0
event_feasibility,train,n_trainval_seen_only_eligible,994.0
event_feasibility,train,n_test_ood_eligible,994.0
event_feasibility,train,n_test_paired_seen_ood_eligible,994.0
event_feasibility,train,median_seen_stations,87.0
event_feasibility,train,median_ood_stations,25.0
event_feasibility,train,median_p_reached_seen,7.0
event_feasibility,validation,n_events_original,207.0
event_feasibility,validation,n_trainval_seen_only_eligible,179.0
event_feasibility,validation,n_test_ood_eligible,179.0
event_feasibility,validation,n_test_paired_seen_ood_eligible,179.0
event_feasibility,validation,median_seen_stations,38.0
event_feasibility,validation,median_ood_stations,12.0
event_feasibility,validation,median_p_reached_seen,5.0
event_feasibility,test,n_events_original,224.0
event_feasibility,test,n_trainval_seen_only_eligible,195.0
event_feasibility,test,n_test_ood_eligible,195.0
event_feasibility,test,n_test_paired_seen_ood_eligible,195.0
event_feasibility,test,median_seen_stations,43.0
event_feasibility,test,median_ood_stations,14.0
event_feasibility,test,median_p_reached_seen,6.0
