scenario,quantity,population,metric,base_value,ca_urc_value,delta,ci_lower,ci_upper,n_events,n_sequence_groups,n_target_rows,bootstrap_unit,source,relative_mae_reduction_percent,delta_percentage_points
grouped,pga,overall,mae,0.3059409422750052,0.3055312032375342,-0.000409739037471,-0.0058332952916068,0.0037247704364892,224,22.0,,hierarchical_sequence_event,runs/caurc_sequence_aware_bootstrap/hierarchical_bootstrap_summary.csv,0.13392749411835583,
grouped,pga,overall,factor2,0.5766071428571429,0.5752008928571428,-0.00140625,-0.0093662125591979,0.0090518199233716,224,22.0,,hierarchical_sequence_event,runs/caurc_sequence_aware_bootstrap/hierarchical_bootstrap_summary.csv,,-0.140625
grouped,pga,overall,under05,0.1051116071428571,0.0884598214285714,-0.0166517857142857,-0.0213819146545736,-0.0120855057932263,224,22.0,,hierarchical_sequence_event,runs/caurc_sequence_aware_bootstrap/hierarchical_bootstrap_summary.csv,,-1.6651785714285698
grouped,pga,high_motion_tail,mae,0.639199011276043,0.5669248284265368,-0.0722741828495061,-0.0784348229487333,-0.061037627450122,98,21.0,,hierarchical_sequence_event,runs/caurc_sequence_aware_bootstrap/hierarchical_bootstrap_summary.csv,11.306992278543113,
grouped,pga,high_motion_tail,factor2,0.1457603334111042,0.20506745116593,0.0593071177548257,0.0243292385536098,0.1326138106990076,98,21.0,,hierarchical_sequence_event,runs/caurc_sequence_aware_bootstrap/hierarchical_bootstrap_summary.csv,,5.93071177548257
grouped,pga,high_motion_tail,under05,0.6399902758627565,0.5380486882988936,-0.1019415875638628,-0.2135879739843393,-0.0436835844115078,98,21.0,,hierarchical_sequence_event,runs/caurc_sequence_aware_bootstrap/hierarchical_bootstrap_summary.csv,,-10.19415875638628
grouped,pgv,overall,mae,0.2657673740599837,0.2634863156044293,-0.0022810584555543,-0.0069575879302771,0.0014753370141172,224,22.0,,hierarchical_sequence_event,runs/caurc_sequence_aware_bootstrap/hierarchical_bootstrap_summary.csv,0.8582913774207157,
grouped,pgv,overall,factor2,0.6720535714285714,0.6696875,-0.0023660714285714,-0.0104630348516218,0.0073080601092896,224,22.0,,hierarchical_sequence_event,runs/caurc_sequence_aware_bootstrap/hierarchical_bootstrap_summary.csv,,-0.23660714285714002
grouped,pgv,overall,under05,0.0923883928571428,0.0778571428571428,-0.0145312499999999,-0.0197355711849957,-0.0094415593661012,224,22.0,,hierarchical_sequence_event,runs/caurc_sequence_aware_bootstrap/hierarchical_bootstrap_summary.csv,,-1.45312499999999
grouped,pgv,high_motion_tail,mae,0.7469587083547743,0.6484098234134111,-0.0985488849413632,-0.113611958307674,-0.0835682708441589,87,18.0,,hierarchical_sequence_event,runs/caurc_sequence_aware_bootstrap/hierarchical_bootstrap_summary.csv,13.193351096799395,
grouped,pgv,high_motion_tail,factor2,0.1063177575686027,0.2057396057013063,0.0994218481327036,0.0314727603911492,0.1710548046997202,87,18.0,,hierarchical_sequence_event,runs/caurc_sequence_aware_bootstrap/hierarchical_bootstrap_summary.csv,,9.94218481327036
grouped,pgv,high_motion_tail,under05,0.7145673644074947,0.6035403025075544,-0.11102706189994,-0.2135290509501438,-0.0514577862970015,87,18.0,,hierarchical_sequence_event,runs/caurc_sequence_aware_bootstrap/hierarchical_bootstrap_summary.csv,,-11.102706189993999
chronological,pga,overall,mae,0.3877214098087279,0.3860305744768508,-0.001690835331877,-0.0036383835728435,0.0002181463345574,192,,,event,runs/caurc_chronological_2021_2024/paired_event_bootstrap_2021_2024.csv,0.4360954255043922,
chronological,pga,overall,factor2,0.4741145833333333,0.4752864583333333,0.0011718749999999,-0.0022656249999999,0.0045572916666666,192,,,event,runs/caurc_chronological_2021_2024/paired_event_bootstrap_2021_2024.csv,,0.11718749999999
chronological,pga,overall,under05,0.1599739583333333,0.1436979166666666,-0.0162760416666666,-0.0183854166666666,-0.0142447916666666,192,,,event,runs/caurc_chronological_2021_2024/paired_event_bootstrap_2021_2024.csv,,-1.6276041666666599
chronological,pga,high_motion_tail,mae,0.5997043254936191,0.5670236078449408,-0.0326807176486781,-0.0349616151818347,-0.0303862464065063,188,,,event,runs/caurc_chronological_2021_2024/paired_event_bootstrap_2021_2024.csv,5.449471724550006,
chronological,pga,high_motion_tail,factor2,0.261297804390239,0.2953625127012296,0.0340647083109906,0.0225199594958174,0.0466294646638893,188,,,event,runs/caurc_chronological_2021_2024/paired_event_bootstrap_2021_2024.csv,,3.40647083109906
chronological,pga,high_motion_tail,under05,0.5397274188144767,0.4970064188769211,-0.0427209999375555,-0.053676314348284,-0.0329310445073958,188,,,event,runs/caurc_chronological_2021_2024/paired_event_bootstrap_2021_2024.csv,,-4.27209999375555
chronological,pgv,overall,mae,0.3462602202252795,0.3456112714577466,-0.0006489487675329,-0.0020797287663444,0.0007504837652668,192,,,event,runs/caurc_chronological_2021_2024/paired_event_bootstrap_2021_2024.csv,0.18741649477109704,
chronological,pgv,overall,factor2,0.5340625,0.5315885416666667,-0.0024739583333333,-0.0052083333333333,0.0002604166666666,192,,,event,runs/caurc_chronological_2021_2024/paired_event_bootstrap_2021_2024.csv,,-0.24739583333332998
chronological,pgv,overall,under05,0.1468489583333333,0.1370833333333333,-0.009765625,-0.0112760416666666,-0.0083072916666666,192,,,event,runs/caurc_chronological_2021_2024/paired_event_bootstrap_2021_2024.csv,,-0.9765625
chronological,pgv,high_motion_tail,mae,0.7061550174910306,0.6706384070107454,-0.0355166104802852,-0.0379972474203129,-0.0331031136037985,186,,,event,runs/caurc_chronological_2021_2024/paired_event_bootstrap_2021_2024.csv,5.029577019289015,
chronological,pgv,high_motion_tail,factor2,0.1826511832652079,0.225454704241136,0.0428035209759281,0.0306925670665613,0.0563273804729768,186,,,event,runs/caurc_chronological_2021_2024/paired_event_bootstrap_2021_2024.csv,,4.28035209759281
chronological,pgv,high_motion_tail,under05,0.6566968487733993,0.6109448003443934,-0.0457520484290058,-0.0557923386179325,-0.0362625688405086,186,,,event,runs/caurc_chronological_2021_2024/paired_event_bootstrap_2021_2024.csv,,-4.57520484290058
ridgecrest,pga,overall,mae,0.5158640276132707,0.4963928166975057,-0.0194712109157649,-0.0203289389520582,-0.018598592955663,593,1.0,,event_within_single_heldout_sequence,runs/caurc_ridgecrest_ood/paired_event_bootstrap_ridgecrest.csv,3.774485111096357,
ridgecrest,pga,overall,factor2,0.3690978077571669,0.3869983136593591,0.0179005059021922,0.016272976391231,0.0195615514333895,593,1.0,,event_within_single_heldout_sequence,runs/caurc_ridgecrest_ood/paired_event_bootstrap_ridgecrest.csv,,1.79005059021922
ridgecrest,pga,overall,under05,0.3802192242833052,0.3539207419898819,-0.0262984822934232,-0.0276222596964586,-0.0249578414839797,593,1.0,,event_within_single_heldout_sequence,runs/caurc_ridgecrest_ood/paired_event_bootstrap_ridgecrest.csv,,-2.62984822934232
ridgecrest,pga,high_motion_tail,mae,0.7675504820305177,0.7390536390549555,-0.0284968429755623,-0.0290910547546377,-0.0278849898879511,591,1.0,,event_within_single_heldout_sequence,runs/caurc_ridgecrest_ood/paired_event_bootstrap_ridgecrest.csv,3.7126995087248567,
ridgecrest,pga,high_motion_tail,factor2,0.168151098819595,0.1869029457391262,0.0187518469195311,0.0157473995027951,0.021928697598527,591,1.0,,event_within_single_heldout_sequence,runs/caurc_ridgecrest_ood/paired_event_bootstrap_ridgecrest.csv,,1.8751846919531099
ridgecrest,pga,high_motion_tail,under05,0.676126751786336,0.658264072419509,-0.0178626793668269,-0.0207710434054514,-0.0151991454612153,591,1.0,,event_within_single_heldout_sequence,runs/caurc_ridgecrest_ood/paired_event_bootstrap_ridgecrest.csv,,-1.7862679366826901
ridgecrest,pgv,overall,mae,0.5526831854997646,0.5447474635802964,-0.0079357219194682,-0.0084450162473004,-0.0074212961875869,593,1.0,,event_within_single_heldout_sequence,runs/caurc_ridgecrest_ood/paired_event_bootstrap_ridgecrest.csv,1.4358536911688948,
ridgecrest,pgv,overall,factor2,0.3743844856661045,0.3805143338954468,0.0061298482293423,0.0050674536256323,0.0071838111298482,593,1.0,,event_within_single_heldout_sequence,runs/caurc_ridgecrest_ood/paired_event_bootstrap_ridgecrest.csv,,0.61298482293423
ridgecrest,pgv,overall,under05,0.4073271500843169,0.3966947723440134,-0.0106323777403035,-0.0114165261382799,-0.0098650927487352,593,1.0,,event_within_single_heldout_sequence,runs/caurc_ridgecrest_ood/paired_event_bootstrap_ridgecrest.csv,,-1.06323777403035
ridgecrest,pgv,high_motion_tail,mae,0.8078319315346252,0.7812843921810709,-0.0265475393535543,-0.0275915074899871,-0.0255136311665345,589,1.0,,event_within_single_heldout_sequence,runs/caurc_ridgecrest_ood/paired_event_bootstrap_ridgecrest.csv,3.2862701160032595,
ridgecrest,pgv,high_motion_tail,factor2,0.1176788503064048,0.1365288399366236,0.0188499896302187,0.0146754457935616,0.0236867591735347,589,1.0,,event_within_single_heldout_sequence,runs/caurc_ridgecrest_ood/paired_event_bootstrap_ridgecrest.csv,,1.8849989630218702
ridgecrest,pgv,high_motion_tail,under05,0.7304758869307095,0.7000380032187531,-0.0304378837119563,-0.0366713971758502,-0.0250257965786743,589,1.0,,event_within_single_heldout_sequence,runs/caurc_ridgecrest_ood/paired_event_bootstrap_ridgecrest.csv,,-3.04378837119563
unseen_station,pga,overall,mae,0.3570138458377286,0.3579471776677012,0.0009333318299726,-0.0032474541023264,0.0049211683512491,195,,,event,runs/caurc_station_ood_matched_geometry/caurc_minus_base_matched_by_role.csv | runs/caurc_station_ood_matched_geometry/matched_geometry_event_bootstrap.csv,-0.26142734822582253,
unseen_station,pga,overall,factor2,0.5205626869477389,0.5192948824569449,-0.001267804490794,-0.0145973922328138,0.0121639921088624,195,,,event,runs/caurc_station_ood_matched_geometry/caurc_minus_base_matched_by_role.csv | runs/caurc_station_ood_matched_geometry/matched_geometry_event_bootstrap.csv,,-0.1267804490794
unseen_station,pga,overall,under05,0.1422994225776634,0.1204499114547141,-0.0218495111229492,-0.0286801431433387,-0.01585566248484,195,,,event,runs/caurc_station_ood_matched_geometry/caurc_minus_base_matched_by_role.csv | runs/caurc_station_ood_matched_geometry/matched_geometry_event_bootstrap.csv,,-2.1849511122949203
unseen_station,pga,high_motion_tail,mae,0.8609599762726144,0.7997299709554017,-0.0612300053172129,-0.0732192511739928,-0.049191837050748,37,,,event,runs/caurc_station_ood_matched_geometry/caurc_minus_base_matched_by_role.csv | runs/caurc_station_ood_matched_geometry/matched_geometry_event_bootstrap.csv,7.111829469971207,
unseen_station,pga,high_motion_tail,factor2,0.0768299259011333,0.0964865794587157,0.0196566535575823,0.0007112375533428,0.0440339720525479,37,,,event,runs/caurc_station_ood_matched_geometry/caurc_minus_base_matched_by_role.csv | runs/caurc_station_ood_matched_geometry/matched_geometry_event_bootstrap.csv,,1.96566535575823
unseen_station,pga,high_motion_tail,under05,0.8259905194889715,0.7805480181641172,-0.0454425013248542,-0.1089030206677265,-0.0026497085320614,37,,,event,runs/caurc_station_ood_matched_geometry/caurc_minus_base_matched_by_role.csv | runs/caurc_station_ood_matched_geometry/matched_geometry_event_bootstrap.csv,,-4.54425013248542
unseen_station,pgv,overall,mae,0.3093101784685368,0.3043240270442095,-0.0049861514243274,-0.0092882685512284,-0.000874791031374,195,,,event,runs/caurc_station_ood_matched_geometry/caurc_minus_base_matched_by_role.csv | runs/caurc_station_ood_matched_geometry/matched_geometry_event_bootstrap.csv,1.612023066623588,
unseen_station,pgv,overall,factor2,0.6253673032069675,0.6312329135028985,0.005865610295931,-0.0070140496711332,0.0185848260053874,195,,,event,runs/caurc_station_ood_matched_geometry/caurc_minus_base_matched_by_role.csv | runs/caurc_station_ood_matched_geometry/matched_geometry_event_bootstrap.csv,,0.5865610295931
unseen_station,pgv,overall,under05,0.137914294718891,0.1121459165924117,-0.0257683781264792,-0.0337498798871025,-0.018498396451473,195,,,event,runs/caurc_station_ood_matched_geometry/caurc_minus_base_matched_by_role.csv | runs/caurc_station_ood_matched_geometry/matched_geometry_event_bootstrap.csv,,-2.57683781264792
unseen_station,pgv,high_motion_tail,mae,1.0203099978823458,0.9605860284449108,-0.0597239694374348,-0.0749605429773549,-0.0450194788720976,30,,,event,runs/caurc_station_ood_matched_geometry/caurc_minus_base_matched_by_role.csv | runs/caurc_station_ood_matched_geometry/matched_geometry_event_bootstrap.csv,5.853512124882824,
unseen_station,pgv,high_motion_tail,factor2,0.1079582944288826,0.1200497976968565,0.0120915032679738,0.0,0.0352941176470588,30,,,event,runs/caurc_station_ood_matched_geometry/caurc_minus_base_matched_by_role.csv | runs/caurc_station_ood_matched_geometry/matched_geometry_event_bootstrap.csv,,1.20915032679738
unseen_station,pgv,high_motion_tail,under05,0.8100470129572296,0.7841405802086917,-0.025906432748538,-0.0555555555555555,-0.0014619883040935,30,,,event,runs/caurc_station_ood_matched_geometry/caurc_minus_base_matched_by_role.csv | runs/caurc_station_ood_matched_geometry/matched_geometry_event_bootstrap.csv,,-2.5906432748537997
