risk_decile,n,n_tail,mean_probability,median_probability,observed_tail_frequency,quantity,overall_prevalence,lift_over_prevalence
1,4480,0,0.002336230765831665,0.0023463738616555,0.0,pga,0.03042410714285714,0.0
2,4480,0,0.0032988779412594493,0.0032932265894486997,0.0,pga,0.03042410714285714,0.0
3,4480,0,0.004158202528612572,0.004117619479075,0.0,pga,0.03042410714285714,0.0
4,4480,0,0.005596507508848146,0.0055735697969794,0.0,pga,0.03042410714285714,0.0
5,4480,0,0.007560534754572554,0.007536228979006351,0.0,pga,0.03042410714285714,0.0
6,4480,4,0.010349374085282192,0.0102530163712799,0.0008928571428571428,pga,0.03042410714285714,0.029347028613352897
7,4480,10,0.015470422517890728,0.01522031147032975,0.002232142857142857,pga,0.03042410714285714,0.07336757153338225
8,4480,33,0.029135988632749184,0.02802509348839515,0.007366071428571428,pga,0.03042410714285714,0.2421129860601614
9,4480,144,0.08789131605132879,0.079115841537714,0.03214285714285714,pga,0.03042410714285714,1.0564930300807043
10,4480,1172,0.5298840081053121,0.47270748019218445,0.26160714285714287,pga,0.03042410714285714,8.5986793837124
1,4480,0,0.0021134485171257072,0.0021368666784837,0.0,pgv,0.03314732142857143,0.0
2,4480,0,0.002775092860559018,0.0027814882341772,0.0,pgv,0.03314732142857143,0.0
3,4480,0,0.0034176145830964507,0.00341153447516255,0.0,pgv,0.03314732142857143,0.0
4,4480,0,0.004437967697646934,0.0044006300158798,0.0,pgv,0.03314732142857143,0.0
5,4480,0,0.0059316856000804765,0.00591071206144985,0.0,pgv,0.03314732142857143,0.0
6,4480,0,0.0076642286156129065,0.00763362296856935,0.0,pgv,0.03314732142857143,0.0
7,4480,3,0.010398682659017871,0.0102331237867474,0.0006696428571428571,pgv,0.03314732142857143,0.020202020202020204
8,4480,17,0.017915397102894613,0.0170552190393209,0.003794642857142857,pgv,0.03314732142857143,0.11447811447811447
9,4480,104,0.05523225001816168,0.0478817112743854,0.023214285714285715,pgv,0.03314732142857143,0.7003367003367004
10,4480,1361,0.47143516123427875,0.3794757276773453,0.30379464285714286,pgv,0.03314732142857143,9.164983164983164
