method,quantity,n_target_rows,n_events,mae_log10_target_weighted,mae_log10_event_macro,median_absolute_error_log10,rmse_log10,bias_log10_prediction_minus_true,pearson,spearman,factor2_accuracy,factor3_accuracy,equivalent_multiplicative_mae
model,pga,44800,224,0.3233838007594126,0.32338380075941264,0.2664262056350708,0.4197164823068729,-0.03826058917229862,0.7855970290269763,0.7825484360044637,0.5563392857142857,0.7820089285714286,2.1056384418595564
model,pgv,44800,224,0.28089682407677175,0.2808968240767717,0.20400214195251465,0.39139914672167797,-0.09424258481178965,0.7863044191458388,0.781714659020521,0.6570089285714286,0.8324330357142857,1.909399586055013
train_median,pga,44800,224,0.620750622111539,0.620750622111539,0.535003662109375,0.7635484554535862,0.3560336915501726,,,0.29305803571428574,0.45254464285714285,4.175905115511301
train_median,pgv,44800,224,0.5570922437363437,0.5570922437363437,0.5371425151824951,0.6648943823964758,0.2561936118081212,,,0.2710044642857143,0.43895089285714284,3.60655237717706
median_observed,pga,44800,224,0.6291047744034037,0.6291047744034037,0.5408331071860735,0.78112520742047,0.37839087172703434,0.4480829750953327,0.38461437576637725,0.2956026785714286,0.44924107142857145,4.257011019797887
median_observed,pgv,44800,224,0.4692998357844795,0.4692998357844795,0.3826542291301971,0.5988307765654702,0.16038062403975045,0.5728246678041079,0.4809892393604469,0.40995535714285714,0.5912276785714285,2.9464551567505923
nearest_observed,pga,44800,224,0.605361951521232,0.605361951521232,0.4951159954071045,0.7780926314915004,0.0810125989671464,0.4573663399031126,0.4293831541484133,0.3229464285714286,0.4835714285714286,4.0305280834008155
nearest_observed,pgv,44800,224,0.5042640434445015,0.5042640434445015,0.40169525146484375,0.6547404983401761,-0.0592136312409171,0.5491531214102036,0.49082174365275266,0.3920982142857143,0.57578125,3.1934788442461617
idw_observed,pga,44800,224,0.8179053144018897,0.8179053144018898,0.7231842279434204,1.0027879073781172,0.7003877539033003,0.447136114649572,0.4025639416813479,0.2200669642857143,0.341875,6.575144693399687
idw_observed,pgv,44800,224,0.6064863719897611,0.6064863719897611,0.45392727851867676,0.7890935490006215,0.43006391740803207,0.5455818787130083,0.48301860299366456,0.35622767857142856,0.5185491071428572,4.040976938690323
