candidate,reference,quantity,population,metric,candidate_value,reference_value,point_delta_candidate_minus_reference,n_paired_events,n_sequence_groups_used,relative_change_percent,bootstrap_mode,confidence_level,bootstrap_repetitions_valid,bootstrap_mean_delta,bootstrap_median_delta,ci_lower,ci_upper,ci_excludes_zero,two_sided_bootstrap_sign_p,preferred_direction_for_candidate,point_candidate_better,bootstrap_probability_candidate_better,delta_percentage_points
ca_urc,cross_attention,pga,overall,mae,0.3160087171849878,0.313503563293055,0.0025051538919327976,102,12,0.7990830680259429,sequence_cluster,0.95,10000,0.0018809173414924168,0.0023654922894992348,-0.0019785558381801094,0.004341197118334649,False,0.3655634436556344,negative,False,0.1827,
ca_urc,cross_attention,pga,overall,bias,0.06255108345581918,0.044277421364597246,0.018273662091221925,102,12,,sequence_cluster,0.95,10000,0.018106246014148113,0.018281404043404198,0.014370893109027718,0.021018874369424827,True,0.00019998000199980003,signed_bias_no_single_preferred_direction,,,
ca_urc,cross_attention,pga,overall,factor2,0.5545098039215687,0.5590686274509805,-0.0045588235294117705,102,12,,sequence_cluster,0.95,10000,-0.0037665254812226947,-0.00438775510204082,-0.00739286477411478,0.0029491525423728667,False,0.2081791820817918,positive,False,0.1036,-0.45588235294117707
ca_urc,cross_attention,pga,overall,under05,0.0777450980392157,0.08318627450980391,-0.005441176470588236,102,12,,sequence_cluster,0.95,10000,-0.005978247405150997,-0.005425184258100402,-0.011461764705882352,-0.0035277682648401825,True,0.00019998000199980003,negative,True,1.0,-0.5441176470588236
ca_urc,cross_attention,pga,high_motion_tail,mae,0.4682976531389533,0.4779954891062631,-0.009697835967309734,76,10,-2.028855122763263,sequence_cluster,0.95,10000,-0.010253812022794481,-0.009854160641029543,-0.014687895976255536,-0.007334412314245139,True,0.00019998000199980003,negative,True,1.0,
ca_urc,cross_attention,pga,high_motion_tail,bias,-0.4041947470877239,-0.4182616075038464,0.014066860416122458,76,10,,sequence_cluster,0.95,10000,0.014148678169103635,0.01404159657294803,0.01259637413937932,0.016294750940264523,True,0.00019998000199980003,signed_bias_no_single_preferred_direction,,,
ca_urc,cross_attention,pga,high_motion_tail,factor2,0.436658615914258,0.4279628806424778,0.008695735271780162,76,10,,sequence_cluster,0.95,10000,0.007669969597835616,0.008422909424329878,0.0013358900982734796,0.012591260195538266,True,0.000999900009999,positive,True,0.9996,0.8695735271780162
ca_urc,cross_attention,pga,high_motion_tail,under05,0.3708362826159592,0.3784645212277809,-0.007628238611821795,76,10,,sequence_cluster,0.95,10000,-0.0075618474021824054,-0.007571857342819373,-0.013255191210124324,-0.0019979433250572986,True,0.00019998000199980003,negative,True,1.0,-0.7628238611821795
ca_urc,cross_attention,pgv,overall,mae,0.2812489151555743,0.2807535101677857,0.0004954049877885677,102,12,0.17645549204086552,sequence_cluster,0.95,10000,0.0004502331168292261,0.0004889763846839773,-0.00038078238127255495,0.0010287148972386287,False,0.17178282171782822,negative,False,0.0858,
ca_urc,cross_attention,pgv,overall,bias,-0.011653591052350278,-0.019960389002865436,0.008306797950515156,102,12,,sequence_cluster,0.95,10000,0.008444971951571867,0.008326321588385534,0.0076022147903536934,0.009854628740877022,True,0.00019998000199980003,signed_bias_no_single_preferred_direction,,,
ca_urc,cross_attention,pgv,overall,factor2,0.6302941176470589,0.632843137254902,-0.0025490196078431357,102,12,,sequence_cluster,0.95,10000,-0.002330270958753247,-0.002531645569620245,-0.004021759561948359,0.0004444444444444341,False,0.0791920807919208,positive,False,0.0393,-0.25490196078431354
ca_urc,cross_attention,pgv,overall,under05,0.09102941176470589,0.09431372549019607,-0.0032843137254901958,102,12,,sequence_cluster,0.95,10000,-0.0034323026246943023,-0.003313603250210143,-0.004898010204081635,-0.0025572519083969453,True,0.00019998000199980003,negative,True,1.0,-0.32843137254901955
ca_urc,cross_attention,pgv,high_motion_tail,mae,0.4999080472916205,0.5101785428284089,-0.010270495536788386,75,10,-2.0131178939531993,sequence_cluster,0.95,10000,-0.01056466921498816,-0.010330833453645284,-0.012369041129556467,-0.009505682093392621,True,0.00019998000199980003,negative,True,1.0,
ca_urc,cross_attention,pgv,high_motion_tail,bias,-0.43935612401827967,-0.45752637424336146,0.01817025022508183,75,10,,sequence_cluster,0.95,10000,0.01774764606614737,0.0181079343207039,0.014014726418443365,0.019961147572502988,True,0.00019998000199980003,signed_bias_no_single_preferred_direction,,,
ca_urc,cross_attention,pgv,high_motion_tail,factor2,0.4090598170815921,0.3917313054430185,0.017328511638573563,75,10,,sequence_cluster,0.95,10000,0.015557225646332006,0.0169819343291062,0.003482871366925381,0.023128452670302033,True,0.00039996000399960006,positive,True,0.9999,1.7328511638573563
ca_urc,cross_attention,pgv,high_motion_tail,under05,0.39386438892682446,0.408969886840217,-0.015105497913392647,75,10,,sequence_cluster,0.95,10000,-0.016238953933268532,-0.015200582899154425,-0.0278940445968124,-0.009984603686210755,True,0.00019998000199980003,negative,True,1.0,-1.5105497913392647
