event_id,phase_path,reason
37489525,data/scedc/event_phases/2019/2019_187/37489525.phase,missing_or_empty
38460719,data/scedc/event_phases/2019/2019_187/38460719.phase,missing_or_empty
37400764,data/scedc/event_phases/2019/2019_187/37400764.phase,missing_or_empty
37400772,data/scedc/event_phases/2019/2019_187/37400772.phase,missing_or_empty
37489469,data/scedc/event_phases/2019/2019_187/37489469.phase,missing_or_empty
37483669,data/scedc/event_phases/2019/2019_187/37483669.phase,missing_or_empty
37409996,data/scedc/event_phases/2019/2019_187/37409996.phase,missing_or_empty
37482197,data/scedc/event_phases/2019/2019_201/37482197.phase,missing_or_empty
37480781,data/scedc/event_phases/2019/2019_204/37480781.phase,missing_or_empty
37479509,data/scedc/event_phases/2020/2020_275/37479509.phase,missing_or_empty
37479541,data/scedc/event_phases/2020/2020_275/37479541.phase,missing_or_empty
37470205,data/scedc/event_phases/2020/2020_275/37470205.phase,missing_or_empty
37347844,data/scedc/event_phases/2020/2020_275/37347844.phase,missing_or_empty
37470253,data/scedc/event_phases/2020/2020_275/37470253.phase,missing_or_empty
37480893,data/scedc/event_phases/2020/2020_275/37480893.phase,missing_or_empty
37463493,data/scedc/event_phases/2021/2021_004/37463493.phase,missing_or_empty
37463485,data/scedc/event_phases/2021/2021_004/37463485.phase,missing_or_empty
39534943,data/scedc/event_phases/2021/2021_029/39534943.phase,missing_or_empty
39800544,data/scedc/event_phases/2021/2021_055/39800544.phase,missing_or_empty
39800680,data/scedc/event_phases/2021/2021_055/39800680.phase,missing_or_empty
39572231,data/scedc/event_phases/2021/2021_064/39572231.phase,missing_or_empty
39572823,data/scedc/event_phases/2021/2021_064/39572823.phase,missing_or_empty
39839912,data/scedc/event_phases/2021/2021_095/39839912.phase,missing_or_empty
39851144,data/scedc/event_phases/2021/2021_105/39851144.phase,missing_or_empty
39643455,data/scedc/event_phases/2021/2021_126/39643455.phase,missing_or_empty
39658359,data/scedc/event_phases/2021/2021_139/39658359.phase,missing_or_empty
39659271,data/scedc/event_phases/2021/2021_140/39659271.phase,missing_or_empty
39906312,data/scedc/event_phases/2021/2021_147/39906312.phase,missing_or_empty
39906384,data/scedc/event_phases/2021/2021_147/39906384.phase,missing_or_empty
39755903,data/scedc/event_phases/2021/2021_209/39755903.phase,missing_or_empty
39818327,data/scedc/event_phases/2021/2021_267/39818327.phase,missing_or_empty
39836495,data/scedc/event_phases/2021/2021_291/39836495.phase,missing_or_empty
40128720,data/scedc/event_phases/2021/2021_350/40128720.phase,missing_or_empty
39899591,data/scedc/event_phases/2021/2021_365/39899591.phase,missing_or_empty
39923623,data/scedc/event_phases/2022/2022_026/39923623.phase,missing_or_empty
39923631,data/scedc/event_phases/2022/2022_026/39923631.phase,missing_or_empty
39923679,data/scedc/event_phases/2022/2022_026/39923679.phase,missing_or_empty
40188560,data/scedc/event_phases/2022/2022_049/40188560.phase,missing_or_empty
40255392,data/scedc/event_phases/2022/2022_130/40255392.phase,missing_or_empty
40255408,data/scedc/event_phases/2022/2022_130/40255408.phase,missing_or_empty
40022183,data/scedc/event_phases/2022/2022_139/40022183.phase,missing_or_empty
40027143,data/scedc/event_phases/2022/2022_146/40027143.phase,missing_or_empty
40040359,data/scedc/event_phases/2022/2022_166/40040359.phase,missing_or_empty
40285368,data/scedc/event_phases/2022/2022_167/40285368.phase,missing_or_empty
