quantity,population,lead_definition,assumed_total_latency_sec,n_target_rows,n_with_defined_lead,defined_fraction,fraction_positive_net_lead,fraction_net_lead_ge_1s,fraction_net_lead_ge_2s,fraction_net_lead_ge_5s,median_net_lead_sec
pga,high_motion_tail,time_to_remaining_peak,0.0,1363,1363,1.0,0.9948642699926632,0.9413059427732942,0.900953778429934,0.8466617754952311,18.5
pga,high_motion_tail,time_to_remaining_peak,0.5,1363,1363,1.0,0.9603815113719736,0.9222303741746148,0.8928833455612619,0.8334556126192223,18.0
pga,high_motion_tail,time_to_remaining_peak,1.0,1363,1363,1.0,0.9398385913426266,0.900953778429934,0.8767424798239178,0.8195157740278797,17.5
pga,high_motion_tail,time_to_remaining_peak,2.0,1363,1363,1.0,0.9002201027146002,0.8767424798239178,0.8606016140865738,0.7887013939838592,16.5
pgv,high_motion_tail,time_to_remaining_peak,0.0,1485,1485,1.0,0.9946127946127946,0.969023569023569,0.9387205387205387,0.8801346801346801,20.26
pgv,high_motion_tail,time_to_remaining_peak,0.5,1485,1485,1.0,0.9811447811447811,0.9535353535353536,0.9313131313131313,0.8646464646464647,19.76
pgv,high_motion_tail,time_to_remaining_peak,1.0,1485,1485,1.0,0.969023569023569,0.9387205387205387,0.9138047138047138,0.8505050505050505,19.26
pgv,high_motion_tail,time_to_remaining_peak,2.0,1485,1485,1.0,0.9387205387205387,0.9138047138047138,0.9023569023569024,0.8175084175084175,18.26
pga,high_motion_tail,time_to_highmotion_threshold_crossing,0.0,1363,1363,1.0,0.9405722670579604,0.8488628026412326,0.7989728539985327,0.7322083639031548,12.7
pga,high_motion_tail,time_to_highmotion_threshold_crossing,0.5,1363,1363,1.0,0.8701393983859135,0.8202494497432135,0.7850330154071901,0.7182685253118122,12.2
pga,high_motion_tail,time_to_highmotion_threshold_crossing,1.0,1363,1363,1.0,0.8473954512105649,0.7989728539985327,0.7762289068231841,0.7035950110051358,11.7
pga,high_motion_tail,time_to_highmotion_threshold_crossing,2.0,1363,1363,1.0,0.7989728539985327,0.7762289068231841,0.76008804108584,0.6771826852531181,10.7
pgv,high_motion_tail,time_to_highmotion_threshold_crossing,0.0,1485,1485,1.0,0.8808080808080808,0.7898989898989899,0.7461279461279461,0.694949494949495,12.98
pgv,high_motion_tail,time_to_highmotion_threshold_crossing,0.5,1485,1485,1.0,0.8094276094276094,0.7663299663299663,0.7346801346801347,0.6814814814814815,12.48
pgv,high_motion_tail,time_to_highmotion_threshold_crossing,1.0,1485,1485,1.0,0.7898989898989899,0.7461279461279461,0.7232323232323232,0.6713804713804714,11.98
pgv,high_motion_tail,time_to_highmotion_threshold_crossing,2.0,1485,1485,1.0,0.7461279461279461,0.7232323232323232,0.7191919191919192,0.6451178451178451,10.98
