quantity,population,lead_definition,lead_bin,model,metric,median_lead_sec,value,n_target_rows,n_event_repeats,n_events,n_unique_event_station_pairs
pga,overall,lead_to_pga_peak_sec,>=20s,base,mae,37.56,0.31124549370818616,35274,4466,224,10313
pga,overall,lead_to_pga_peak_sec,>=20s,base,bias,37.56,-0.012071281367907737,35274,4466,224,10313
pga,overall,lead_to_pga_peak_sec,>=20s,base,factor2,37.56,0.5627738129990832,35274,4466,224,10313
pga,overall,lead_to_pga_peak_sec,>=20s,base,factor3,37.56,0.7971536701885034,35274,4466,224,10313
pga,overall,lead_to_pga_peak_sec,>=20s,base,under03,37.56,0.21959547941485205,35274,4466,224,10313
pga,overall,lead_to_pga_peak_sec,>=20s,base,under05,37.56,0.10623810594645887,35274,4466,224,10313
pga,overall,lead_to_pga_peak_sec,>=20s,power_gate,mae,37.56,0.31153138530533564,35274,4466,224,10313
pga,overall,lead_to_pga_peak_sec,>=20s,power_gate,bias,37.56,-0.009011703432664313,35274,4466,224,10313
pga,overall,lead_to_pga_peak_sec,>=20s,power_gate,factor2,37.56,0.5624660961623484,35274,4466,224,10313
pga,overall,lead_to_pga_peak_sec,>=20s,power_gate,factor3,37.56,0.796850382206644,35274,4466,224,10313
pga,overall,lead_to_pga_peak_sec,>=20s,power_gate,under03,37.56,0.2180600840066888,35274,4466,224,10313
pga,overall,lead_to_pga_peak_sec,>=20s,power_gate,under05,37.56,0.10494727190450874,35274,4466,224,10313
pga,overall,lead_to_pga_peak_sec,10-20s,base,mae,15.24,0.3253020135010989,5328,3027,221,1994
pga,overall,lead_to_pga_peak_sec,10-20s,base,bias,15.24,-0.037336315624775754,5328,3027,221,1994
pga,overall,lead_to_pga_peak_sec,10-20s,base,factor2,15.24,0.5244247700620278,5328,3027,221,1994
pga,overall,lead_to_pga_peak_sec,10-20s,base,factor3,15.24,0.7573111255418667,5328,3027,221,1994
pga,overall,lead_to_pga_peak_sec,10-20s,base,under03,15.24,0.25520953740119195,5328,3027,221,1994
pga,overall,lead_to_pga_peak_sec,10-20s,base,under05,15.24,0.12899911023510127,5328,3027,221,1994
pga,overall,lead_to_pga_peak_sec,10-20s,power_gate,mae,15.24,0.3259182757048572,5328,3027,221,1994
pga,overall,lead_to_pga_peak_sec,10-20s,power_gate,bias,15.24,-0.02120379850625924,5328,3027,221,1994
pga,overall,lead_to_pga_peak_sec,10-20s,power_gate,factor2,15.24,0.5215315583363035,5328,3027,221,1994
pga,overall,lead_to_pga_peak_sec,10-20s,power_gate,factor3,15.24,0.7543239015208356,5328,3027,221,1994
pga,overall,lead_to_pga_peak_sec,10-20s,power_gate,under03,15.24,0.24615488317521714,5328,3027,221,1994
pga,overall,lead_to_pga_peak_sec,10-20s,power_gate,under05,15.24,0.12239143324444622,5328,3027,221,1994
pga,overall,lead_to_pga_peak_sec,5-10s,base,mae,7.62,0.3843006188691601,2102,1630,199,872
pga,overall,lead_to_pga_peak_sec,5-10s,base,bias,7.62,-0.18971258184839734,2102,1630,199,872
pga,overall,lead_to_pga_peak_sec,5-10s,base,factor2,7.62,0.45550010625120113,2102,1630,199,872
pga,overall,lead_to_pga_peak_sec,5-10s,base,factor3,7.62,0.6616069246414276,2102,1630,199,872
pga,overall,lead_to_pga_peak_sec,5-10s,base,under03,7.62,0.40870355643417927,2102,1630,199,872
pga,overall,lead_to_pga_peak_sec,5-10s,base,under05,7.62,0.25493616174263994,2102,1630,199,872
pga,overall,lead_to_pga_peak_sec,5-10s,power_gate,mae,7.62,0.3824547586547436,2102,1630,199,872
pga,overall,lead_to_pga_peak_sec,5-10s,power_gate,bias,7.62,-0.1573682485095546,2102,1630,199,872
pga,overall,lead_to_pga_peak_sec,5-10s,power_gate,factor2,7.62,0.45579509546378527,2102,1630,199,872
pga,overall,lead_to_pga_peak_sec,5-10s,power_gate,factor3,7.62,0.6532481423671117,2102,1630,199,872
pga,overall,lead_to_pga_peak_sec,5-10s,power_gate,under03,7.62,0.3906143292590816,2102,1630,199,872
pga,overall,lead_to_pga_peak_sec,5-10s,power_gate,under05,7.62,0.2474834919045134,2102,1630,199,872
pga,overall,lead_to_pga_peak_sec,1-2s,base,mae,1.58,0.44562666347035423,446,406,96,183
pga,overall,lead_to_pga_peak_sec,1-2s,base,bias,1.58,-0.2761801122388877,446,406,96,183
pga,overall,lead_to_pga_peak_sec,1-2s,base,factor2,1.58,0.44162898733211237,446,406,96,183
pga,overall,lead_to_pga_peak_sec,1-2s,base,factor3,1.58,0.6068078767297517,446,406,96,183
pga,overall,lead_to_pga_peak_sec,1-2s,base,under03,1.58,0.4655758737789988,446,406,96,183
pga,overall,lead_to_pga_peak_sec,1-2s,base,under05,1.58,0.32995872761497763,446,406,96,183
pga,overall,lead_to_pga_peak_sec,1-2s,power_gate,mae,1.58,0.42951754880428467,446,406,96,183
pga,overall,lead_to_pga_peak_sec,1-2s,power_gate,bias,1.58,-0.22985287189629958,446,406,96,183
pga,overall,lead_to_pga_peak_sec,1-2s,power_gate,factor2,1.58,0.47925299526862025,446,406,96,183
pga,overall,lead_to_pga_peak_sec,1-2s,power_gate,factor3,1.58,0.6255795781186406,446,406,96,183
pga,overall,lead_to_pga_peak_sec,1-2s,power_gate,under03,1.58,0.4113224015567765,446,406,96,183
pga,overall,lead_to_pga_peak_sec,1-2s,power_gate,under05,1.58,0.2992874313186813,446,406,96,183
pga,overall,lead_to_pga_peak_sec,2-5s,base,mae,3.42,0.4423276818376,1141,917,148,460
pga,overall,lead_to_pga_peak_sec,2-5s,base,bias,3.42,-0.2029208378157374,1141,917,148,460
pga,overall,lead_to_pga_peak_sec,2-5s,base,factor2,3.42,0.3763622582866004,1141,917,148,460
pga,overall,lead_to_pga_peak_sec,2-5s,base,factor3,3.42,0.6006967055486793,1141,917,148,460
pga,overall,lead_to_pga_peak_sec,2-5s,base,under03,3.42,0.4353179177192335,1141,917,148,460
pga,overall,lead_to_pga_peak_sec,2-5s,base,under05,3.42,0.2990440505243137,1141,917,148,460
pga,overall,lead_to_pga_peak_sec,2-5s,power_gate,mae,3.42,0.43395318058395216,1141,917,148,460
pga,overall,lead_to_pga_peak_sec,2-5s,power_gate,bias,3.42,-0.16885498170413252,1141,917,148,460
pga,overall,lead_to_pga_peak_sec,2-5s,power_gate,factor2,3.42,0.3890301787670209,1141,917,148,460
pga,overall,lead_to_pga_peak_sec,2-5s,power_gate,factor3,3.42,0.6128719645989382,1141,917,148,460
pga,overall,lead_to_pga_peak_sec,2-5s,power_gate,under03,3.42,0.41366164606296185,1141,917,148,460
pga,overall,lead_to_pga_peak_sec,2-5s,power_gate,under05,3.42,0.2792467963520595,1141,917,148,460
pga,overall,lead_to_pga_peak_sec,0-1s,base,mae,0.4,0.45981659156232946,509,428,103,243
pga,overall,lead_to_pga_peak_sec,0-1s,base,bias,0.4,-0.3221837706374739,509,428,103,243
pga,overall,lead_to_pga_peak_sec,0-1s,base,factor2,0.4,0.3448625300709824,509,428,103,243
pga,overall,lead_to_pga_peak_sec,0-1s,base,factor3,0.4,0.5861301185330312,509,428,103,243
pga,overall,lead_to_pga_peak_sec,0-1s,base,under03,0.4,0.5494826281234048,509,428,103,243
pga,overall,lead_to_pga_peak_sec,0-1s,base,under05,0.4,0.33665781914639714,509,428,103,243
pga,overall,lead_to_pga_peak_sec,0-1s,power_gate,mae,0.4,0.42503749121101747,509,428,103,243
pga,overall,lead_to_pga_peak_sec,0-1s,power_gate,bias,0.4,-0.2566235648902664,509,428,103,243
pga,overall,lead_to_pga_peak_sec,0-1s,power_gate,factor2,0.4,0.421730039584123,509,428,103,243
pga,overall,lead_to_pga_peak_sec,0-1s,power_gate,factor3,0.4,0.6280505053991634,509,428,103,243
pga,overall,lead_to_pga_peak_sec,0-1s,power_gate,under03,0.4,0.4553936669227931,509,428,103,243
pga,overall,lead_to_pga_peak_sec,0-1s,power_gate,under05,0.4,0.258674242661964,509,428,103,243
pga,high_motion_tail,lead_to_pga_peak_sec,10-20s,base,mae,14.7,0.6174303472517138,302,211,32,133
pga,high_motion_tail,lead_to_pga_peak_sec,10-20s,base,bias,14.7,-0.6037011475395935,302,211,32,133
pga,high_motion_tail,lead_to_pga_peak_sec,10-20s,base,factor2,14.7,0.21209153476731601,302,211,32,133
pga,high_motion_tail,lead_to_pga_peak_sec,10-20s,base,factor3,14.7,0.4193368675595238,302,211,32,133
pga,high_motion_tail,lead_to_pga_peak_sec,10-20s,base,under03,14.7,0.7861227509469697,302,211,32,133
pga,high_motion_tail,lead_to_pga_peak_sec,10-20s,base,under05,14.7,0.5551336185515874,302,211,32,133
pga,high_motion_tail,lead_to_pga_peak_sec,10-20s,power_gate,mae,14.7,0.5468638219133468,302,211,32,133
pga,high_motion_tail,lead_to_pga_peak_sec,10-20s,power_gate,bias,14.7,-0.5185527570354407,302,211,32,133
pga,high_motion_tail,lead_to_pga_peak_sec,10-20s,power_gate,factor2,14.7,0.31355003720238095,302,211,32,133
pga,high_motion_tail,lead_to_pga_peak_sec,10-20s,power_gate,factor3,14.7,0.5286303691967754,302,211,32,133
pga,high_motion_tail,lead_to_pga_peak_sec,10-20s,power_gate,under03,14.7,0.6797237723214286,302,211,32,133
pga,high_motion_tail,lead_to_pga_peak_sec,10-20s,power_gate,under05,14.7,0.4639636145104895,302,211,32,133
pga,high_motion_tail,lead_to_pga_peak_sec,5-10s,base,mae,7.5,0.6083463194920529,201,177,51,110
pga,high_motion_tail,lead_to_pga_peak_sec,5-10s,base,bias,7.5,-0.5890279428328089,201,177,51,110
pga,high_motion_tail,lead_to_pga_peak_sec,5-10s,base,factor2,7.5,0.20043077837195483,201,177,51,110
pga,high_motion_tail,lead_to_pga_peak_sec,5-10s,base,factor3,7.5,0.39741957389016214,201,177,51,110
pga,high_motion_tail,lead_to_pga_peak_sec,5-10s,base,under03,7.5,0.7885748238689415,201,177,51,110
pga,high_motion_tail,lead_to_pga_peak_sec,5-10s,base,under05,7.5,0.58776950174009,201,177,51,110
pga,high_motion_tail,lead_to_pga_peak_sec,5-10s,power_gate,mae,7.5,0.5230060981503569,201,177,51,110
pga,high_motion_tail,lead_to_pga_peak_sec,5-10s,power_gate,bias,7.5,-0.4857116206548238,201,177,51,110
pga,high_motion_tail,lead_to_pga_peak_sec,5-10s,power_gate,factor2,7.5,0.30886915372209495,201,177,51,110
pga,high_motion_tail,lead_to_pga_peak_sec,5-10s,power_gate,factor3,7.5,0.445249766573296,201,177,51,110
pga,high_motion_tail,lead_to_pga_peak_sec,5-10s,power_gate,under03,7.5,0.6682316866140396,201,177,51,110
pga,high_motion_tail,lead_to_pga_peak_sec,5-10s,power_gate,under05,7.5,0.5421218487394958,201,177,51,110
pga,high_motion_tail,lead_to_pga_peak_sec,2-5s,base,mae,3.1,0.7838835123888771,74,72,36,54
pga,high_motion_tail,lead_to_pga_peak_sec,2-5s,base,bias,3.1,-0.7763468659962668,74,72,36,54
pga,high_motion_tail,lead_to_pga_peak_sec,2-5s,base,factor2,3.1,0.10479797979797979,74,72,36,54
pga,high_motion_tail,lead_to_pga_peak_sec,2-5s,base,factor3,3.1,0.22525252525252526,74,72,36,54
pga,high_motion_tail,lead_to_pga_peak_sec,2-5s,base,under03,3.1,0.8952020202020202,74,72,36,54
pga,high_motion_tail,lead_to_pga_peak_sec,2-5s,base,under05,3.1,0.7722222222222223,74,72,36,54
pga,high_motion_tail,lead_to_pga_peak_sec,2-5s,power_gate,mae,3.1,0.6726659718461911,74,72,36,54
pga,high_motion_tail,lead_to_pga_peak_sec,2-5s,power_gate,bias,3.1,-0.6519656092505463,74,72,36,54
pga,high_motion_tail,lead_to_pga_peak_sec,2-5s,power_gate,factor2,3.1,0.2296717171717172,74,72,36,54
pga,high_motion_tail,lead_to_pga_peak_sec,2-5s,power_gate,factor3,3.1,0.34234006734006733,74,72,36,54
pga,high_motion_tail,lead_to_pga_peak_sec,2-5s,power_gate,under03,3.1,0.7703282828282829,74,72,36,54
pga,high_motion_tail,lead_to_pga_peak_sec,2-5s,power_gate,under05,3.1,0.6451599326599327,74,72,36,54
pga,high_motion_tail,lead_to_pga_peak_sec,>=20s,base,mae,29.2,0.8071982567030517,651,283,25,250
pga,high_motion_tail,lead_to_pga_peak_sec,>=20s,base,bias,29.2,-0.7844916598827649,651,283,25,250
pga,high_motion_tail,lead_to_pga_peak_sec,>=20s,base,factor2,29.2,0.11437920938710412,651,283,25,250
pga,high_motion_tail,lead_to_pga_peak_sec,>=20s,base,factor3,29.2,0.1951782208045366,651,283,25,250
pga,high_motion_tail,lead_to_pga_peak_sec,>=20s,base,under03,29.2,0.8662336561099719,651,283,25,250
pga,high_motion_tail,lead_to_pga_peak_sec,>=20s,base,under05,29.2,0.7847770309612414,651,283,25,250
pga,high_motion_tail,lead_to_pga_peak_sec,>=20s,power_gate,mae,29.2,0.7852995227985028,651,283,25,250
pga,high_motion_tail,lead_to_pga_peak_sec,>=20s,power_gate,bias,29.2,-0.7545948135224811,651,283,25,250
pga,high_motion_tail,lead_to_pga_peak_sec,>=20s,power_gate,factor2,29.2,0.13739814561656666,651,283,25,250
pga,high_motion_tail,lead_to_pga_peak_sec,>=20s,power_gate,factor3,29.2,0.2209758512442723,651,283,25,250
pga,high_motion_tail,lead_to_pga_peak_sec,>=20s,power_gate,under03,29.2,0.8416313865471762,651,283,25,250
pga,high_motion_tail,lead_to_pga_peak_sec,>=20s,power_gate,under05,29.2,0.750532377661325,651,283,25,250
pga,high_motion_tail,lead_to_pga_peak_sec,1-2s,base,mae,1.64,0.6928656312326591,55,52,28,38
pga,high_motion_tail,lead_to_pga_peak_sec,1-2s,base,bias,1.64,-0.6870377003436997,55,52,28,38
pga,high_motion_tail,lead_to_pga_peak_sec,1-2s,base,factor2,1.64,0.14285714285714285,55,52,28,38
pga,high_motion_tail,lead_to_pga_peak_sec,1-2s,base,factor3,1.64,0.28125,55,52,28,38
pga,high_motion_tail,lead_to_pga_peak_sec,1-2s,base,under03,1.64,0.8571428571428571,55,52,28,38
pga,high_motion_tail,lead_to_pga_peak_sec,1-2s,base,under05,1.64,0.71875,55,52,28,38
pga,high_motion_tail,lead_to_pga_peak_sec,1-2s,power_gate,mae,1.64,0.5770803945405143,55,52,28,38
pga,high_motion_tail,lead_to_pga_peak_sec,1-2s,power_gate,bias,1.64,-0.5492987595498562,55,52,28,38
pga,high_motion_tail,lead_to_pga_peak_sec,1-2s,power_gate,factor2,1.64,0.27901785714285715,55,52,28,38
pga,high_motion_tail,lead_to_pga_peak_sec,1-2s,power_gate,factor3,1.64,0.3645833333333333,55,52,28,38
pga,high_motion_tail,lead_to_pga_peak_sec,1-2s,power_gate,under03,1.64,0.7209821428571429,55,52,28,38
pga,high_motion_tail,lead_to_pga_peak_sec,1-2s,power_gate,under05,1.64,0.581845238095238,55,52,28,38
pga,high_motion_tail,lead_to_pga_peak_sec,0-1s,base,mae,0.33,0.623912339082786,80,79,40,55
pga,high_motion_tail,lead_to_pga_peak_sec,0-1s,base,bias,0.33,-0.6202533512881824,80,79,40,55
pga,high_motion_tail,lead_to_pga_peak_sec,0-1s,base,factor2,0.33,0.18633928571428574,80,79,40,55
pga,high_motion_tail,lead_to_pga_peak_sec,0-1s,base,factor3,0.33,0.38696428571428576,80,79,40,55
pga,high_motion_tail,lead_to_pga_peak_sec,0-1s,base,under03,0.33,0.8136607142857143,80,79,40,55
pga,high_motion_tail,lead_to_pga_peak_sec,0-1s,base,under05,0.33,0.6047023809523809,80,79,40,55
pga,high_motion_tail,lead_to_pga_peak_sec,0-1s,power_gate,mae,0.33,0.4808132618701174,80,79,40,55
pga,high_motion_tail,lead_to_pga_peak_sec,0-1s,power_gate,bias,0.33,-0.46060187374197303,80,79,40,55
pga,high_motion_tail,lead_to_pga_peak_sec,0-1s,power_gate,factor2,0.33,0.4171726190476191,80,79,40,55
pga,high_motion_tail,lead_to_pga_peak_sec,0-1s,power_gate,factor3,0.33,0.6286309523809523,80,79,40,55
pga,high_motion_tail,lead_to_pga_peak_sec,0-1s,power_gate,under03,0.33,0.582827380952381,80,79,40,55
pga,high_motion_tail,lead_to_pga_peak_sec,0-1s,power_gate,under05,0.33,0.2963690476190476,80,79,40,55
pgv,overall,lead_to_pgv_peak_sec,>=20s,base,mae,38.84,0.26928264204674146,34346,4449,224,10077
pgv,overall,lead_to_pgv_peak_sec,>=20s,base,bias,38.84,-0.018221907622182114,34346,4449,224,10077
pgv,overall,lead_to_pgv_peak_sec,>=20s,base,factor2,38.84,0.6728630488935059,34346,4449,224,10077
pgv,overall,lead_to_pgv_peak_sec,>=20s,base,factor3,38.84,0.8413434449845504,34346,4449,224,10077
pgv,overall,lead_to_pgv_peak_sec,>=20s,base,under03,38.84,0.17716365864482883,34346,4449,224,10077
pgv,overall,lead_to_pgv_peak_sec,>=20s,base,under05,38.84,0.08797558400046927,34346,4449,224,10077
pgv,overall,lead_to_pgv_peak_sec,>=20s,power_gate,mae,38.84,0.2702051168487115,34346,4449,224,10077
pgv,overall,lead_to_pgv_peak_sec,>=20s,power_gate,bias,38.84,-0.014930784074176931,34346,4449,224,10077
pgv,overall,lead_to_pgv_peak_sec,>=20s,power_gate,factor2,38.84,0.6723938177982901,34346,4449,224,10077
pgv,overall,lead_to_pgv_peak_sec,>=20s,power_gate,factor3,38.84,0.8407545983347793,34346,4449,224,10077
pgv,overall,lead_to_pgv_peak_sec,>=20s,power_gate,under03,38.84,0.17556322854223222,34346,4449,224,10077
pgv,overall,lead_to_pgv_peak_sec,>=20s,power_gate,under05,38.84,0.0863270693595702,34346,4449,224,10077
pgv,overall,lead_to_pgv_peak_sec,10-20s,base,mae,15.2,0.2992275988484429,5537,3113,221,2042
pgv,overall,lead_to_pgv_peak_sec,10-20s,base,bias,15.2,-0.06338258050539636,5537,3113,221,2042
pgv,overall,lead_to_pgv_peak_sec,10-20s,base,factor2,15.2,0.6115454523858922,5537,3113,221,2042
pgv,overall,lead_to_pgv_peak_sec,10-20s,base,factor3,15.2,0.7962524102404659,5537,3113,221,2042
pgv,overall,lead_to_pgv_peak_sec,10-20s,base,under03,15.2,0.23390251001733256,5537,3113,221,2042
pgv,overall,lead_to_pgv_peak_sec,10-20s,base,under05,15.2,0.12240395366189498,5537,3113,221,2042
pgv,overall,lead_to_pgv_peak_sec,10-20s,power_gate,mae,15.2,0.2974828310834528,5537,3113,221,2042
pgv,overall,lead_to_pgv_peak_sec,10-20s,power_gate,bias,15.2,-0.05269613067529412,5537,3113,221,2042
pgv,overall,lead_to_pgv_peak_sec,10-20s,power_gate,factor2,15.2,0.6137975146645891,5537,3113,221,2042
pgv,overall,lead_to_pgv_peak_sec,10-20s,power_gate,factor3,15.2,0.7998071533349103,5537,3113,221,2042
pgv,overall,lead_to_pgv_peak_sec,10-20s,power_gate,under03,15.2,0.22563614432517914,5537,3113,221,2042
pgv,overall,lead_to_pgv_peak_sec,10-20s,power_gate,under05,15.2,0.11754197614720253,5537,3113,221,2042
pgv,overall,lead_to_pgv_peak_sec,5-10s,base,mae,7.62,0.3492925923987704,2399,1774,207,960
pgv,overall,lead_to_pgv_peak_sec,5-10s,base,bias,7.62,-0.14073924070405464,2399,1774,207,960
pgv,overall,lead_to_pgv_peak_sec,5-10s,base,factor2,7.62,0.5672128158194586,2399,1774,207,960
pgv,overall,lead_to_pgv_peak_sec,5-10s,base,factor3,7.62,0.7250566765616737,2399,1774,207,960
pgv,overall,lead_to_pgv_peak_sec,5-10s,base,under03,7.62,0.3055990553060501,2399,1774,207,960
pgv,overall,lead_to_pgv_peak_sec,5-10s,base,under05,7.62,0.20132157105146778,2399,1774,207,960
pgv,overall,lead_to_pgv_peak_sec,5-10s,power_gate,mae,7.62,0.34341877879252664,2399,1774,207,960
pgv,overall,lead_to_pgv_peak_sec,5-10s,power_gate,bias,7.62,-0.12246524147540407,2399,1774,207,960
pgv,overall,lead_to_pgv_peak_sec,5-10s,power_gate,factor2,7.62,0.5737216116398487,2399,1774,207,960
pgv,overall,lead_to_pgv_peak_sec,5-10s,power_gate,factor3,7.62,0.7287223148192268,2399,1774,207,960
pgv,overall,lead_to_pgv_peak_sec,5-10s,power_gate,under03,7.62,0.29394504838125746,2399,1774,207,960
pgv,overall,lead_to_pgv_peak_sec,5-10s,power_gate,under05,7.62,0.1908688637452136,2399,1774,207,960
pgv,overall,lead_to_pgv_peak_sec,2-5s,base,mae,3.4,0.3368957511753126,1345,1012,157,513
pgv,overall,lead_to_pgv_peak_sec,2-5s,base,bias,3.4,-0.1449543978148197,1345,1012,157,513
pgv,overall,lead_to_pgv_peak_sec,2-5s,base,factor2,3.4,0.6101591556735657,1345,1012,157,513
pgv,overall,lead_to_pgv_peak_sec,2-5s,base,factor3,3.4,0.7758308776803285,1345,1012,157,513
pgv,overall,lead_to_pgv_peak_sec,2-5s,base,under03,3.4,0.2792308026330231,1345,1012,157,513
pgv,overall,lead_to_pgv_peak_sec,2-5s,base,under05,3.4,0.1699202085402811,1345,1012,157,513
pgv,overall,lead_to_pgv_peak_sec,2-5s,power_gate,mae,3.4,0.33311740589211647,1345,1012,157,513
pgv,overall,lead_to_pgv_peak_sec,2-5s,power_gate,bias,3.4,-0.12977090415876436,1345,1012,157,513
pgv,overall,lead_to_pgv_peak_sec,2-5s,power_gate,factor2,3.4,0.6068244091031306,1345,1012,157,513
pgv,overall,lead_to_pgv_peak_sec,2-5s,power_gate,factor3,3.4,0.7815264149185783,1345,1012,157,513
pgv,overall,lead_to_pgv_peak_sec,2-5s,power_gate,under03,3.4,0.27524991091327783,1345,1012,157,513
pgv,overall,lead_to_pgv_peak_sec,2-5s,power_gate,under05,3.4,0.1612153253131049,1345,1012,157,513
pgv,overall,lead_to_pgv_peak_sec,0-1s,base,mae,0.4,0.37381716659990777,680,516,89,271
pgv,overall,lead_to_pgv_peak_sec,0-1s,base,bias,0.4,-0.19802204670352525,680,516,89,271
pgv,overall,lead_to_pgv_peak_sec,0-1s,base,factor2,0.4,0.5267140994669085,680,516,89,271
pgv,overall,lead_to_pgv_peak_sec,0-1s,base,factor3,0.4,0.7241898654820004,680,516,89,271
pgv,overall,lead_to_pgv_peak_sec,0-1s,base,under03,0.4,0.3801684764465663,680,516,89,271
pgv,overall,lead_to_pgv_peak_sec,0-1s,base,under05,0.4,0.21207790856667263,680,516,89,271
pgv,overall,lead_to_pgv_peak_sec,0-1s,power_gate,mae,0.4,0.3663772407283408,680,516,89,271
pgv,overall,lead_to_pgv_peak_sec,0-1s,power_gate,bias,0.4,-0.17411940717588328,680,516,89,271
pgv,overall,lead_to_pgv_peak_sec,0-1s,power_gate,factor2,0.4,0.5421427303449776,680,516,89,271
pgv,overall,lead_to_pgv_peak_sec,0-1s,power_gate,factor3,0.4,0.736634817533694,680,516,89,271
pgv,overall,lead_to_pgv_peak_sec,0-1s,power_gate,under03,0.4,0.3626591131506862,680,516,89,271
pgv,overall,lead_to_pgv_peak_sec,0-1s,power_gate,under05,0.4,0.2026076035907497,680,516,89,271
pgv,overall,lead_to_pgv_peak_sec,1-2s,base,mae,1.5,0.3298611477794921,493,425,91,202
pgv,overall,lead_to_pgv_peak_sec,1-2s,base,bias,1.5,-0.18257569682120336,493,425,91,202
pgv,overall,lead_to_pgv_peak_sec,1-2s,base,factor2,1.5,0.6085846350972403,493,425,91,202
pgv,overall,lead_to_pgv_peak_sec,1-2s,base,factor3,1.5,0.7627599101023471,493,425,91,202
pgv,overall,lead_to_pgv_peak_sec,1-2s,base,under03,1.5,0.33269408618148116,493,425,91,202
pgv,overall,lead_to_pgv_peak_sec,1-2s,base,under05,1.5,0.18297185812942113,493,425,91,202
pgv,overall,lead_to_pgv_peak_sec,1-2s,power_gate,mae,1.5,0.32264319559915333,493,425,91,202
pgv,overall,lead_to_pgv_peak_sec,1-2s,power_gate,bias,1.5,-0.1532600555659458,493,425,91,202
pgv,overall,lead_to_pgv_peak_sec,1-2s,power_gate,factor2,1.5,0.6397617912743963,493,425,91,202
pgv,overall,lead_to_pgv_peak_sec,1-2s,power_gate,factor3,1.5,0.7872562470986841,493,425,91,202
pgv,overall,lead_to_pgv_peak_sec,1-2s,power_gate,under03,1.5,0.2987280522154471,493,425,91,202
pgv,overall,lead_to_pgv_peak_sec,1-2s,power_gate,under05,1.5,0.16648834164590465,493,425,91,202
pgv,high_motion_tail,lead_to_pgv_peak_sec,2-5s,base,mae,3.16,0.7795015505209625,87,68,26,49
pgv,high_motion_tail,lead_to_pgv_peak_sec,2-5s,base,bias,3.16,-0.6891469133286342,87,68,26,49
pgv,high_motion_tail,lead_to_pgv_peak_sec,2-5s,base,factor2,3.16,0.19399460188933876,87,68,26,49
pgv,high_motion_tail,lead_to_pgv_peak_sec,2-5s,base,factor3,3.16,0.22118758434547908,87,68,26,49
pgv,high_motion_tail,lead_to_pgv_peak_sec,2-5s,base,under03,3.16,0.7564102564102565,87,68,26,49
pgv,high_motion_tail,lead_to_pgv_peak_sec,2-5s,base,under05,3.16,0.7456140350877193,87,68,26,49
pgv,high_motion_tail,lead_to_pgv_peak_sec,2-5s,power_gate,mae,3.16,0.7334719029998008,87,68,26,49
pgv,high_motion_tail,lead_to_pgv_peak_sec,2-5s,power_gate,bias,3.16,-0.6017943438087238,87,68,26,49
pgv,high_motion_tail,lead_to_pgv_peak_sec,2-5s,power_gate,factor2,3.16,0.16194331983805668,87,68,26,49
pgv,high_motion_tail,lead_to_pgv_peak_sec,2-5s,power_gate,factor3,3.16,0.2708502024291498,87,68,26,49
pgv,high_motion_tail,lead_to_pgv_peak_sec,2-5s,power_gate,under03,3.16,0.7479757085020242,87,68,26,49
pgv,high_motion_tail,lead_to_pgv_peak_sec,2-5s,power_gate,under05,3.16,0.6879217273954116,87,68,26,49
pgv,high_motion_tail,lead_to_pgv_peak_sec,10-20s,base,mae,14.22,0.6197068118167611,323,231,35,142
pgv,high_motion_tail,lead_to_pgv_peak_sec,10-20s,base,bias,14.22,-0.5621995417791544,323,231,35,142
pgv,high_motion_tail,lead_to_pgv_peak_sec,10-20s,base,factor2,14.22,0.21361793202129337,323,231,35,142
pgv,high_motion_tail,lead_to_pgv_peak_sec,10-20s,base,factor3,14.22,0.4016677701383583,323,231,35,142
pgv,high_motion_tail,lead_to_pgv_peak_sec,10-20s,base,under03,14.22,0.7543599985448725,323,231,35,142
pgv,high_motion_tail,lead_to_pgv_peak_sec,10-20s,base,under05,14.22,0.5292477718360071,323,231,35,142
pgv,high_motion_tail,lead_to_pgv_peak_sec,10-20s,power_gate,mae,14.22,0.5595520264266199,323,231,35,142
pgv,high_motion_tail,lead_to_pgv_peak_sec,10-20s,power_gate,bias,14.22,-0.4831534395901346,323,231,35,142
pgv,high_motion_tail,lead_to_pgv_peak_sec,10-20s,power_gate,factor2,14.22,0.32406132149829625,323,231,35,142
pgv,high_motion_tail,lead_to_pgv_peak_sec,10-20s,power_gate,factor3,14.22,0.47544988904652774,323,231,35,142
pgv,high_motion_tail,lead_to_pgv_peak_sec,10-20s,power_gate,under03,14.22,0.6355692701322954,323,231,35,142
pgv,high_motion_tail,lead_to_pgv_peak_sec,10-20s,power_gate,under05,14.22,0.48607595765578954,323,231,35,142
pgv,high_motion_tail,lead_to_pgv_peak_sec,5-10s,base,mae,7.42,0.7223330042124981,230,182,49,124
pgv,high_motion_tail,lead_to_pgv_peak_sec,5-10s,base,bias,7.42,-0.6899206874343905,230,182,49,124
pgv,high_motion_tail,lead_to_pgv_peak_sec,5-10s,base,factor2,7.42,0.14493120556493275,230,182,49,124
pgv,high_motion_tail,lead_to_pgv_peak_sec,5-10s,base,factor3,7.42,0.25772339010792283,230,182,49,124
pgv,high_motion_tail,lead_to_pgv_peak_sec,5-10s,base,under03,7.42,0.8301851567694748,230,182,49,124
pgv,high_motion_tail,lead_to_pgv_peak_sec,5-10s,base,under05,7.42,0.7116311186128588,230,182,49,124
pgv,high_motion_tail,lead_to_pgv_peak_sec,5-10s,power_gate,mae,7.42,0.663940246779149,230,182,49,124
pgv,high_motion_tail,lead_to_pgv_peak_sec,5-10s,power_gate,bias,7.42,-0.6151671949543073,230,182,49,124
pgv,high_motion_tail,lead_to_pgv_peak_sec,5-10s,power_gate,factor2,7.42,0.20051148278860417,230,182,49,124
pgv,high_motion_tail,lead_to_pgv_peak_sec,5-10s,power_gate,factor3,7.42,0.3272287862513426,230,182,49,124
pgv,high_motion_tail,lead_to_pgv_peak_sec,5-10s,power_gate,under03,7.42,0.7701831108383204,230,182,49,124
pgv,high_motion_tail,lead_to_pgv_peak_sec,5-10s,power_gate,under05,7.42,0.6504117436448263,230,182,49,124
pgv,high_motion_tail,lead_to_pgv_peak_sec,>=20s,base,mae,32.67,0.8521195502884578,754,296,38,320
pgv,high_motion_tail,lead_to_pgv_peak_sec,>=20s,base,bias,32.67,-0.7490367626784595,754,296,38,320
pgv,high_motion_tail,lead_to_pgv_peak_sec,>=20s,base,factor2,32.67,0.13160604444680538,754,296,38,320
pgv,high_motion_tail,lead_to_pgv_peak_sec,>=20s,base,factor3,32.67,0.19138132917300263,754,296,38,320
pgv,high_motion_tail,lead_to_pgv_peak_sec,>=20s,base,under03,32.67,0.8053459707390781,754,296,38,320
pgv,high_motion_tail,lead_to_pgv_peak_sec,>=20s,base,under05,32.67,0.7519266058046202,754,296,38,320
pgv,high_motion_tail,lead_to_pgv_peak_sec,>=20s,power_gate,mae,32.67,0.8356804366865807,754,296,38,320
pgv,high_motion_tail,lead_to_pgv_peak_sec,>=20s,power_gate,bias,32.67,-0.7073419040347616,754,296,38,320
pgv,high_motion_tail,lead_to_pgv_peak_sec,>=20s,power_gate,factor2,32.67,0.13590388012581267,754,296,38,320
pgv,high_motion_tail,lead_to_pgv_peak_sec,>=20s,power_gate,factor3,32.67,0.2382585831524645,754,296,38,320
pgv,high_motion_tail,lead_to_pgv_peak_sec,>=20s,power_gate,under03,32.67,0.7794509761726033,754,296,38,320
pgv,high_motion_tail,lead_to_pgv_peak_sec,>=20s,power_gate,under05,32.67,0.6804137372684709,754,296,38,320
pgv,high_motion_tail,lead_to_pgv_peak_sec,1-2s,base,mae,1.38,0.7841478359157389,45,42,20,28
pgv,high_motion_tail,lead_to_pgv_peak_sec,1-2s,base,bias,1.38,-0.7014508401444463,45,42,20,28
pgv,high_motion_tail,lead_to_pgv_peak_sec,1-2s,base,factor2,1.38,0.10189393939393938,45,42,20,28
pgv,high_motion_tail,lead_to_pgv_peak_sec,1-2s,base,factor3,1.38,0.1378030303030303,45,42,20,28
pgv,high_motion_tail,lead_to_pgv_peak_sec,1-2s,base,under03,1.38,0.846590909090909,45,42,20,28
pgv,high_motion_tail,lead_to_pgv_peak_sec,1-2s,base,under05,1.38,0.7575000000000001,45,42,20,28
pgv,high_motion_tail,lead_to_pgv_peak_sec,1-2s,power_gate,mae,1.38,0.7253752075000243,45,42,20,28
pgv,high_motion_tail,lead_to_pgv_peak_sec,1-2s,power_gate,bias,1.38,-0.6228254781166713,45,42,20,28
pgv,high_motion_tail,lead_to_pgv_peak_sec,1-2s,power_gate,factor2,1.38,0.11189393939393939,45,42,20,28
pgv,high_motion_tail,lead_to_pgv_peak_sec,1-2s,power_gate,factor3,1.38,0.2628030303030303,45,42,20,28
pgv,high_motion_tail,lead_to_pgv_peak_sec,1-2s,power_gate,under03,1.38,0.8365909090909092,45,42,20,28
pgv,high_motion_tail,lead_to_pgv_peak_sec,1-2s,power_gate,under05,1.38,0.6825,45,42,20,28
pgv,high_motion_tail,lead_to_pgv_peak_sec,0-1s,base,mae,0.45,0.7261328343361141,46,43,21,31
pgv,high_motion_tail,lead_to_pgv_peak_sec,0-1s,base,bias,0.45,-0.6518866503049455,46,43,21,31
pgv,high_motion_tail,lead_to_pgv_peak_sec,0-1s,base,factor2,0.45,0.10238095238095238,46,43,21,31
pgv,high_motion_tail,lead_to_pgv_peak_sec,0-1s,base,factor3,0.45,0.16825396825396824,46,43,21,31
pgv,high_motion_tail,lead_to_pgv_peak_sec,0-1s,base,under03,0.45,0.8507936507936508,46,43,21,31
pgv,high_motion_tail,lead_to_pgv_peak_sec,0-1s,base,under05,0.45,0.6444444444444444,46,43,21,31
pgv,high_motion_tail,lead_to_pgv_peak_sec,0-1s,power_gate,mae,0.45,0.6366190400388506,46,43,21,31
pgv,high_motion_tail,lead_to_pgv_peak_sec,0-1s,power_gate,bias,0.45,-0.5538940852596647,46,43,21,31
pgv,high_motion_tail,lead_to_pgv_peak_sec,0-1s,power_gate,factor2,0.45,0.11904761904761904,46,43,21,31
pgv,high_motion_tail,lead_to_pgv_peak_sec,0-1s,power_gate,factor3,0.45,0.3587301587301588,46,43,21,31
pgv,high_motion_tail,lead_to_pgv_peak_sec,0-1s,power_gate,under03,0.45,0.826984126984127,46,43,21,31
pgv,high_motion_tail,lead_to_pgv_peak_sec,0-1s,power_gate,under05,0.45,0.5571428571428572,46,43,21,31
