epoch,learning_rate,train_loss,train_tail_classification,train_under_classification,train_regression,train_directional,train_leakage,validation_monitor_overall_mae_pga,validation_monitor_non_tail_mae_pga,validation_monitor_tail_mae_pga,validation_monitor_bias_pga,validation_monitor_factor2_pga,validation_monitor_tail_factor2_pga,validation_monitor_under05_pga,validation_monitor_tail_under05_pga,validation_monitor_overall_mae_pgv,validation_monitor_non_tail_mae_pgv,validation_monitor_tail_mae_pgv,validation_monitor_bias_pgv,validation_monitor_factor2_pgv,validation_monitor_tail_factor2_pgv,validation_monitor_under05_pgv,validation_monitor_tail_under05_pgv,validation_monitor_mean_tail_mae,validation_monitor_mean_tail_under05,validation_monitor_mean_overall_mae
1,0.001,0.5707909472286701,0.0,1.2211643331430175,0.1459778197448362,0.22499710908159615,0.14046984604131219,0.4743227788028285,0.4780009955545263,0.377987027069441,0.40667629359256685,0.32836257309941524,0.5299587793773841,0.018226120857699802,0.170258603010541,0.42447496122938727,0.42611802430664464,0.434825150227575,0.348916375839314,0.3490253411306043,0.493287617191126,0.023001949317738794,0.1914067576348278,0.406406088648508,0.1808326803226844,0.4493988700161079
2,0.001,0.542915406416763,0.0,1.1779450782320715,0.1482311278920282,0.18494798809459265,0.1544803376224908,0.3947011341438794,0.39535688614968917,0.4008602356817246,0.28993694618876276,0.4245614035087719,0.4989079611172635,0.028557504873294344,0.21956954185636357,0.4008763961164511,0.4023077276306352,0.44063655168185495,0.3181859053760629,0.38479532163742686,0.4921099043906062,0.02456140350877193,0.1992040285899935,0.42074839368178973,0.20938678522317855,0.39778876513016526
3,0.001,0.5311536444859071,0.0,1.1590157839384947,0.1442379111254757,0.17912102228199894,0.15202549800954082,0.4354144610069133,0.43852123502416535,0.3821212951869865,0.3556985904161482,0.3710526315789474,0.5082461753004388,0.02183235867446394,0.17887186743775893,0.4034495886919667,0.40524851206489587,0.44779149698433324,0.3257204271884199,0.3803118908382066,0.48305485937064885,0.02202729044834308,0.17621832358674464,0.4149563960856599,0.17754509551225178,0.41943202484944
4,0.001,0.5503465881401842,0.0,1.160873015631329,0.14997098097069697,0.20418379305099899,0.16130914600058036,0.5066580669418055,0.5121033414823787,0.372837685096106,0.45329444594749696,0.2894736842105263,0.5317583364094992,0.012962962962962964,0.1324176612936303,0.45769820971888603,0.4613613496930318,0.43223449342349596,0.3968786972983575,0.30214424951267055,0.4941485658590922,0.01695906432748538,0.16094866796621182,0.402536089259801,0.14668316462992106,0.48217813833034573
5,0.001,0.5244533125649798,0.0,1.1437757380984046,0.1446443912996487,0.17274827369150114,0.14981700910085982,0.4759662773816765,0.4804441149007933,0.37707621099938543,0.41210791588717,0.3355750487329435,0.5134633526106394,0.016569200779727095,0.14534781182068005,0.43012040233003457,0.43247710675181106,0.4372073806670603,0.3612451074853734,0.3468810916179337,0.4712997772208299,0.018908382066276805,0.1838206627680312,0.40714179583322285,0.16458423729435562,0.45304333985585554
6,0.0005,0.5243069862777536,0.0,1.148028641668233,0.1434378940273415,0.17250435016625984,0.15219507305459543,0.4582766000701693,0.46174950553126537,0.3821563785521185,0.3857462071647118,0.3567251461988304,0.5167722816947624,0.019785575048732944,0.16731163611008573,0.4204039964469162,0.42257603663620763,0.4563209054247282,0.34742893012081566,0.362280701754386,0.46675717070453915,0.021150097465886936,0.16280051981806368,0.4192386419884233,0.1650560779640747,0.4393402982585427
7,0.0005,0.5272236634384502,0.0,1.1504426246339625,0.144593267549168,0.1748445267196406,0.15194953676651823,0.4558152133029288,0.45866780154788617,0.3788855391847448,0.38505483499289006,0.3538011695906433,0.5187502563471555,0.018908382066276805,0.1552315327509126,0.3915916600958418,0.39209952975945367,0.44562540069952994,0.3088004631668139,0.39941520467836256,0.49272486772486773,0.024074074074074078,0.19630441845354127,0.41225546994213735,0.17576797560222693,0.42370343669938526
8,0.0005,0.524784858118404,0.0,1.1450165618549695,0.1438889722593806,0.1737989191727882,0.1548456808044152,0.474596991994612,0.47904409068857434,0.3818835597515704,0.4098375292947339,0.34376218323586744,0.49494483409212087,0.01637426900584795,0.16634264386202371,0.4150618259809366,0.4175921451779598,0.4510160961445143,0.341608832252896,0.37085769980506816,0.465135059871902,0.020565302144249512,0.20446718648473036,0.41644982794804236,0.18540491517337704,0.44482940898777434
9,0.0005,0.5335693805055185,0.0,1.1743227660655975,0.1465409475971352,0.17125294470990246,0.1564253887330944,0.4403945767239398,0.44239630282160997,0.3800396330982366,0.36184220932290834,0.3773879142300195,0.49142159878593983,0.021052631578947368,0.17610434354620402,0.40759178903972193,0.4079754906101116,0.43444359285819406,0.32917370445735716,0.37592592592592594,0.49655388471177947,0.02280701754385965,0.2029320987654321,0.4072416129782153,0.18951822115581807,0.42399318288183085
10,0.00025,0.5162789537148043,0.0,1.1412981201301922,0.14120546586134217,0.16452147469601847,0.14976434853266585,0.4435433753812077,0.4450355053486045,0.3859523413444685,0.3636088124728652,0.37280701754385964,0.5067675649070998,0.019395711500974657,0.1907038267503384,0.39339162858391585,0.39323650278525596,0.4379398257322926,0.30845885874877926,0.3930799220272905,0.5133470249698321,0.02446393762183236,0.2202729044834308,0.4119460835383806,0.2054883656168846,0.4184675019825618
11,0.00025,0.5271623140031642,0.0,1.1713847024874253,0.1453404119068926,0.16230979082492095,0.15641661093316295,0.4451192956830113,0.4477304192562489,0.3777791559430939,0.36990969906229404,0.36725146198830405,0.5170029941347771,0.019883040935672513,0.18020999958984454,0.3956746823879876,0.3962810045675201,0.4374698857208244,0.3136164982210243,0.391130604288499,0.5067077415761627,0.023489278752436647,0.2078297595841455,0.40762452083195916,0.19401987958699501,0.42039698903549944
12,0.00025,0.5242004676298662,0.0,1.1439426099712198,0.1417472568763928,0.177677440575578,0.15257675437764687,0.43121183398870394,0.4336310949522625,0.3802506182722001,0.34842292540307307,0.3894736842105263,0.5265021943316516,0.02183235867446394,0.1865838152659858,0.4376683400998017,0.4402258196549464,0.4257611547692467,0.3715592209122982,0.33265107212475636,0.49238373712057926,0.019200779727095517,0.1982456140350877,0.4030058865207234,0.19241471465053675,0.43444008704425285
13,0.00025,0.5191673402081837,0.0,1.1384558547626842,0.1434414368122816,0.1670975686135617,0.15126310668208381,0.46218947148898265,0.4654238485628853,0.3753357291817652,0.39460387173903066,0.34951267056530216,0.5191993765637176,0.017641325536062374,0.16645030966736393,0.42225394836316593,0.4236530655414884,0.4317141828995794,0.35020352968416474,0.3522417153996101,0.4948203842940686,0.02046783625730994,0.19382716049382714,0.4035249560406723,0.18013873508059552,0.4422217099260743
14,0.000125,0.5272111967206001,0.0,1.1504118009047075,0.1462053354490887,0.17142205853861842,0.15383767407726157,0.42640251049357103,0.42875761179409166,0.38459765308747323,0.34363469272267283,0.3926900584795322,0.48920983552766495,0.02202729044834308,0.1790256757311021,0.39762401192370145,0.3988863451747269,0.4396540988114673,0.3162533985555412,0.3906432748538011,0.4807736934929917,0.023294346978557506,0.20303768680961662,0.41212587594947026,0.19103168127035935,0.41201326120863624
15,0.000125,0.5155257760123773,0.0,1.1355149575255135,0.14170910099690612,0.16482660148123449,0.1504926708611575,0.4311037748233578,0.43325971576006506,0.38493182807362325,0.3491985709337846,0.39093567251461986,0.5000410155448914,0.021832358674463936,0.18150198925392722,0.4033745324955673,0.4046909850134907,0.43930898661450224,0.3233979514858354,0.380896686159844,0.4794741483337974,0.02300194931773879,0.2071474983755685,0.41212040734406274,0.19432474381474785,0.41723915365946257
16,0.000125,0.5214034444906495,0.0,1.135588631846688,0.14242723347111183,0.1751618207940324,0.1499628040262244,0.44608870770259007,0.44862702371237817,0.3795166227351295,0.37113573790279886,0.3704678362573099,0.4934272589311349,0.019980506822612085,0.18020999958984454,0.40406461745615563,0.40508920320071873,0.437581030106607,0.32399995280764365,0.37943469785575046,0.48635361552028217,0.023196881091617935,0.20102339181286552,0.4085488264208682,0.19061669570135503,0.4250766625793728
17,0.000125,0.525091918896545,0.0,1.1427350293506275,0.14349402944472703,0.17646531422029843,0.15362952747805553,0.45122027413298843,0.45449999644084,0.3778969486057138,0.3794648545565461,0.3644249512670565,0.47865551043845617,0.018421052631578946,0.16968028382757064,0.40459533997278696,0.40617129930409895,0.4372783918184396,0.32616549432075936,0.3804093567251462,0.4686716791979951,0.022514619883040935,0.2049463937621832,0.4075876702120767,0.18731333879487694,0.42790780705288767
18,6.25e-05,0.5199599303982475,0.0,1.139513779499314,0.14319347468289462,0.16848023887723684,0.15295779986137695,0.44927853905129345,0.4523550575262635,0.3807370358403289,0.3761561980445895,0.3673489278752437,0.4957097740043476,0.019103313840155945,0.17097227349165334,0.40743897742170265,0.4090354784629241,0.43787432915762,0.3302865440040747,0.37465886939571147,0.46776199758655895,0.021734892787524367,0.1976364522417154,0.4093056824989745,0.18430436286668436,0.42835875823649805
19,6.25e-05,0.5256606837565249,0.0,1.153822645815936,0.14606507955627007,0.16666324465450916,0.15616643665866417,0.43975621875901133,0.4425352153583948,0.38455917395565,0.36256383967507644,0.3811890838206628,0.4918338050120996,0.020662768031189084,0.18464583076986177,0.40910875855487633,0.4109383587429572,0.4386563043072101,0.3327961721892038,0.3730994152046783,0.4549289891395155,0.021539961013645224,0.1959307992202729,0.41160773913143,0.19028831499506732,0.42443248865694383
20,6.25e-05,0.5273209183053537,0.0,1.153928891095248,0.1465235278349031,0.16931055965833366,0.15319776555353945,0.4502407713477149,0.4533025664450458,0.38113895137088716,0.3776629078001407,0.3683235867446394,0.49603277142036833,0.018810916179337233,0.17194126573971535,0.3992107186374361,0.4004238530348917,0.44059684444821673,0.3188462584071693,0.3896686159844054,0.46071196509793005,0.023099415204678363,0.19759584145549058,0.4108678979095519,0.18476855359760297,0.42472574499257554
21,6.25e-05,0.5270777663046663,0.0,1.1345046945593573,0.14463369968262585,0.18231132210824977,0.15324458835477178,0.4474707952661484,0.45019799487350187,0.3845210039605179,0.373164439934968,0.37368421052631584,0.4997795414462081,0.01949317738791423,0.17850887986546904,0.40452239895259484,0.4059364913473013,0.4399270674319791,0.32580778526963794,0.38138401559454194,0.4764283393669359,0.02300194931773879,0.2112004548408057,0.41222403569624855,0.1948546673531374,0.42599659710937166
22,3.125e-05,0.5141185996207324,0.0,1.1386315817182715,0.14221589196134699,0.15955077558755876,0.14938851652497595,0.4496135675594403,0.45248885596094274,0.38167278573641206,0.37648706239718754,0.36812865497076025,0.4938363889914278,0.019200779727095517,0.17172593412903492,0.4031717176374549,0.4043724375895123,0.4398521394424685,0.324379720229737,0.3837231968810916,0.45376752065348563,0.022417153996101363,0.19939083820662767,0.41076246258944027,0.1855583861678313,0.4263926425984476
23,3.125e-05,0.5127603507854722,0.0,1.1310629752549257,0.14058210114863787,0.16370842310769315,0.15116585882549935,0.4445919106519807,0.4471719807302607,0.38302276062067037,0.3689588956159765,0.373879142300195,0.48530618104261514,0.020370370370370372,0.17256572741068865,0.40640925657894317,0.4076633362575973,0.4392062912652457,0.3287016707180514,0.3783625730994151,0.450478046969275,0.02231968810916179,0.19841617933723196,0.41111452594295805,0.18549095337396032,0.42550058361546195
24,3.125e-05,0.5121374081481587,0.0,1.1383575523441487,0.1415860080583529,0.15704368645833297,0.14880338409407573,0.4485595286028561,0.451211502834541,0.3814904862052085,0.3745542128359997,0.3696881091617934,0.4836911939625117,0.01939571150097466,0.17256572741068865,0.40751120893357173,0.4087009840736868,0.4380817625024821,0.32993314204275853,0.376120857699805,0.4504780469692751,0.02231968810916179,0.19841617933723196,0.4097861243538453,0.18549095337396032,0.4280353687682139
25,3.125e-05,0.5135648142207753,0.0,1.1388137410987507,0.14155585471202026,0.15939811363985593,0.152129397473552,0.43948954184096334,0.44197502048089227,0.38329854014458226,0.3620710901810202,0.3799220272904483,0.48562917845863574,0.0209551656920078,0.17934867314712277,0.41043554389686815,0.41194128420863096,0.4371583034473399,0.33472902234756025,0.37241715399610137,0.45606609115381047,0.021345029239766083,0.19690545808966858,0.4102284217959611,0.18812706561839568,0.42496254286891577
26,1.5625e-05,0.5335782248865474,0.0,1.1725690053267912,0.14728717638010327,0.1705843880941922,0.15713201310824265,0.4553384110836373,0.45841962143467885,0.3784542517594876,0.38485602596038376,0.3597465886939571,0.4859737090357245,0.018323586744639377,0.16914195480086952,0.4158398208698638,0.4175537804826247,0.43479599176690853,0.3422494018279048,0.3658869395711501,0.47402766174696004,0.020272904483430797,0.187037037037037,0.4066251217631981,0.17808949591895326,0.43558911597675054
27,1.5625e-05,0.5202604751695287,0.0,1.1156306778842753,0.14431541131978684,0.17841073134067384,0.15664059970189226,0.446989062374893,0.4497590215241697,0.3807980558754447,0.37308173478572804,0.3699805068226121,0.4858445100693163,0.0195906432748538,0.17129527090767402,0.40578372816225294,0.407087503113656,0.43808090716602754,0.3283364580572973,0.3799220272904483,0.4513668430335097,0.021734892787524367,0.19690545808966858,0.4094394815207361,0.1841003644986713,0.42638639526857297
28,1.5625e-05,0.5221641525626183,0.0,1.1561815836212852,0.14331923770633612,0.1642368700439957,0.15362170392816718,0.44866705549241104,0.45149081407697994,0.3802454473509396,0.37538442051237453,0.3685185185185185,0.4861029080021328,0.019298245614035085,0.17129527090767402,0.4074136000213047,0.408736280930225,0.43738449563974624,0.33052192348559906,0.3762183235867447,0.4513668430335097,0.021539961013645227,0.19739278752436645,0.40881497149534296,0.18434402921602022,0.42804032775685785
29,1.5625e-05,0.5240838573737578,0.0,1.119758835976774,0.14400402602146972,0.18494263702834193,0.15337612903253597,0.4461789158921008,0.44898264783709807,0.3812532067770489,0.3719297255742875,0.3715399610136452,0.49437164185226196,0.01939571150097466,0.1704339444649522,0.4043557973811948,0.40562913640330767,0.4386693748873642,0.3263668114426005,0.3816764132553606,0.4513668430335097,0.021929824561403508,0.19690545808966858,0.40996129083220656,0.1836697012773104,0.42526735663664783
30,1e-05,0.5128469178622419,0.0,1.13383516154506,0.14322708161039785,0.1573072865436023,0.15014805163849484,0.4453977688859003,0.44813316537028874,0.3815030164187761,0.37064359260911905,0.3730019493177388,0.49411324391944544,0.0195906432748538,0.1704339444649522,0.4033923864215646,0.404528869366388,0.4388904426582691,0.3248046705321871,0.3833333333333333,0.4513668430335097,0.022319688109161795,0.19768518518518516,0.4101967295385226,0.1840595648250687,0.42439507765373247
31,1e-05,0.5245316405187953,0.0,1.155687230554494,0.1437247898768295,0.16847290565598416,0.15297182307324625,0.4482837259760254,0.45112132056589055,0.3806218601468192,0.3748221801073044,0.36910331384015593,0.48248533694270124,0.019298245614035085,0.1704339444649522,0.40962393086866167,0.41099756602230747,0.4371139768281525,0.3334987950565799,0.37231968810916183,0.45355982548965007,0.021247563352826508,0.19739278752436645,0.4088679184874858,0.18391336599465932,0.42895382842234353
32,1e-05,0.5244797961278396,0.0,1.141088518229398,0.14418399692936376,0.174519585843452,0.15527748404578728,0.447400199325126,0.4501990993955841,0.38126742362941485,0.3735283821116806,0.3715399610136452,0.49411324391944544,0.019298245614035085,0.1704339444649522,0.41143436235070213,0.412918210404386,0.4370768092697644,0.33602208319694155,0.37027290448343075,0.4520978371855565,0.021052631578947368,0.19690545808966858,0.4091721164495896,0.1836697012773104,0.4294172808379141
33,1e-05,0.5053692147135734,0.0,1.1105899477546866,0.14173037020320242,0.15680785250257362,0.15174862471493808,0.44346737679996795,0.44609130518739093,0.3825660709080002,0.3677822006599018,0.37524366471734893,0.48390652557319225,0.019883040935672516,0.1790472088921701,0.40488817683686207,0.4060684793285133,0.43905759560817503,0.326805274990269,0.38060428849902533,0.4630627494662583,0.02202729044834308,0.19768518518518516,0.4108118332580876,0.18836619703867763,0.424177776818415
34,1e-05,0.5246494981375608,0.0,1.1364302226088263,0.14343050894412127,0.17916281262243336,0.15060052766718648,0.445870207091545,0.44856794392482047,0.38188009147552776,0.3711426742522791,0.37280701754385964,0.49165846355768833,0.019688109161793373,0.17129527090767402,0.4084424319901884,0.4097521557754794,0.43803204688716674,0.33177002370015735,0.3737816764132554,0.44990485472941616,0.02153996101364522,0.19739278752436645,0.40995606918134725,0.18434402921602022,0.42715631954086675
35,1e-05,0.5228702668439258,0.0,1.1290026943791995,0.14581768919121135,0.17431169599294663,0.15292108455164866,0.44621352217062527,0.4489328544554667,0.3817995349620246,0.3716848102063998,0.3727095516569201,0.4921752594233214,0.01949317738791423,0.17129527090767402,0.4099852520842421,0.411371144456991,0.43745082825299064,0.33398721064579967,0.37173489278752436,0.45355982548965007,0.02134502923976608,0.19739278752436645,0.4096251816075076,0.18434402921602022,0.4280993871274337
36,1e-05,0.5056093471971426,0.0,1.139496963674372,0.13972029211846265,0.14663551537404684,0.1539410987022248,0.4429156389718792,0.44552080875263367,0.38264429422132534,0.36695908775055774,0.37680311890838203,0.47744657725277884,0.0202729044834308,0.18583015462860422,0.4043778735462471,0.40553329569933283,0.43889797118003765,0.3261013757404029,0.38138401559454194,0.46403740833565404,0.02183235867446394,0.19739278752436645,0.4107711327006815,0.19161147107648535,0.4236467562590631
37,1e-05,0.5322726049206473,0.0,1.1356937950307673,0.14422788318585267,0.19292957651090215,0.15312969762493264,0.4476178081008887,0.45041273534686654,0.38141002089455417,0.37386099531017114,0.3702729044834308,0.48442332143882527,0.019395711500974657,0.17129527090767402,0.4082842695020021,0.4095998210343168,0.43780388032109224,0.3315766179746694,0.3747563352826511,0.4552654785110926,0.02153996101364522,0.19739278752436645,0.4096069506078232,0.18434402921602022,0.42795103880144536
38,1e-05,0.5117448965256864,0.0,1.1440804809331895,0.14113970784978433,0.1538972808894786,0.152728560668501,0.44659917858129844,0.4493408277951048,0.3816040066240683,0.3723590137602963,0.3718323586744639,0.48442332143882527,0.019395711500974657,0.17129527090767402,0.40532043112030464,0.4064828494523839,0.4384494651594913,0.32732884350990316,0.3800194931773879,0.46403740833565404,0.021832358674463932,0.19768518518518516,0.4100267358917798,0.1844902280464296,0.42595980485080154
39,1e-05,0.5166535113345493,0.0,1.132067050988024,0.14289174310185693,0.16631508254530755,0.1517493061721325,0.4456978809730778,0.44842292027926045,0.3818236561073603,0.37109112351633405,0.37241715399610137,0.48442332143882527,0.019395711500974657,0.17129527090767402,0.4051032641785428,0.4062610206686249,0.43859862010856515,0.32698754636960886,0.38099415204678366,0.46403740833565404,0.022222222222222223,0.19768518518518516,0.4102111381079627,0.1844902280464296,0.4254005725758103
40,1e-05,0.5157929515296763,0.0,1.1473269126631997,0.1424921215596524,0.15774050697006964,0.15197694897651673,0.44518040023361,0.44788858094232087,0.3820918830445228,0.3703841247162013,0.3734892787524366,0.48442332143882527,0.019395711500974657,0.17129527090767402,0.40570100550943794,0.40688574132785593,0.43861501249449636,0.32780303975434943,0.3795321637426901,0.4552654785110926,0.02202729044834308,0.19768518518518516,0.41035344776950955,0.1844902280464296,0.42544070287152397
