epoch,learning_rate,train_loss,train_tail_classification,train_under_classification,train_regression,train_directional,train_leakage,monitor_overall_mae_pga,monitor_non_tail_mae_pga,monitor_tail_mae_pga,monitor_bias_pga,monitor_factor2_pga,monitor_tail_factor2_pga,monitor_under05_pga,monitor_tail_under05_pga,monitor_overall_mae_pgv,monitor_non_tail_mae_pgv,monitor_tail_mae_pgv,monitor_bias_pgv,monitor_factor2_pgv,monitor_tail_factor2_pgv,monitor_under05_pgv,monitor_tail_under05_pgv,monitor_mean_tail_mae,monitor_mean_tail_under05,monitor_mean_overall_mae
1,0.001,0.57212264158509,0.0,1.2114951414140789,0.1281285444697873,0.2703478770563379,0.11892750106827324,0.5327416935673153,0.5452686794373829,0.30851174308607976,0.4228786977725342,0.3146464646464646,0.6032539682539683,0.03282828282828283,0.1320559334845049,0.5401503339832668,0.5498959572448323,0.3578861626166801,0.44518403336339063,0.2636363636363636,0.5758555668130136,0.03611111111111111,0.19468788697512104,0.3331989528513799,0.16337191022981296,0.5364460137752911
2,0.001,0.5253531726246531,0.0,1.1294323727488518,0.14119051125916568,0.18766260212710636,0.15946536655114454,0.48805056672212505,0.4938469047062447,0.3226340641472218,0.34513414702956924,0.347979797979798,0.5722486772486773,0.04772727272727273,0.19061224489795917,0.46171343919714186,0.46125665159621704,0.39067854700769816,0.32213174327602456,0.33989898989898987,0.5456447709107284,0.05328282828282827,0.25130164358887763,0.35665630557746,0.22095694424341839,0.47488200295963345
3,0.001,0.5398287498815493,0.0,1.185321339152076,0.1431220556524667,0.18458771301348778,0.1616500462828712,0.4764286051455888,0.47968533476190117,0.333318031727889,0.32337536318510257,0.3616161616161616,0.5646787603930461,0.05151515151515151,0.21888133030990173,0.42964967631115875,0.4246628366271541,0.41982781265318425,0.2602840122369032,0.38358585858585864,0.5116022177192391,0.06136363636363638,0.28543284926263646,0.3765729221905366,0.2521570897862691,0.4530391407283738
4,0.001,0.5235346220433712,0.0,1.1495007716796615,0.13916979044337163,0.1782086749603464,0.15770607128400693,0.5037703556957925,0.5120610772349925,0.3158296791193362,0.3795283457089034,0.33484848484848484,0.5852116402116402,0.03813131313131313,0.18338624338624335,0.5230999795106169,0.5305690144058751,0.36141327832958065,0.4213862230520713,0.2813131313131313,0.5630896093662051,0.037121212121212124,0.20115951818079478,0.3386214787244584,0.19227288078351906,0.5134351676032047
5,0.001,0.5214368426664309,0.0,1.146828068928285,0.1409719196063551,0.17188810256563805,0.15627708997238765,0.5149723788463156,0.5251087423588963,0.31414776632111796,0.397383044810741,0.3308080808080808,0.5860582010582011,0.035101010101010105,0.14319727891156464,0.5406793271028805,0.5507043276145525,0.3586858172366779,0.4448906112493771,0.2704545454545455,0.5659560396262524,0.03358585858585859,0.1880586513565237,0.33641679177889794,0.16562796513404415,0.527825852974598
6,0.001,0.5332417335699905,0.0,1.2123811448162252,0.13924664267423478,0.16564486002210865,0.16154755973680454,0.5497020855037431,0.563328275386754,0.3033443001670164,0.4520458858710071,0.2982323232323232,0.6032539682539683,0.029040404040404044,0.1278231292517007,0.4819973971609857,0.4846358237349247,0.37987732680816233,0.35440785587483525,0.3196969696969697,0.5395573004615558,0.04898989898989899,0.24125436226500055,0.34161081348758937,0.1845387457583506,0.5158497413323644
7,0.0005,0.5194167471067472,0.0,1.17422004789114,0.13706341335041958,0.16231715395538646,0.1527949297292666,0.5015646794853763,0.5090704718776999,0.32281569290901513,0.3701962466737035,0.343939393939394,0.5817724867724867,0.043181818181818175,0.17330309901738472,0.4988509924239806,0.5035385875980875,0.37787387082471724,0.381580366903984,0.3035353535353535,0.5602724304851965,0.0441919191919192,0.22304120229652144,0.3503447818668662,0.1981721506569531,0.5002078359546784
8,0.0005,0.5181654004210775,0.0,1.1703212091868573,0.13651072200049053,0.16156958297572352,0.1657916743477637,0.5279181959670302,0.5375558065042635,0.31832192375938956,0.41116378764166606,0.3154040404040404,0.5828306878306878,0.038636363636363635,0.15869614512471655,0.5020633919461807,0.5067700912106354,0.3825670054859557,0.3806561249218283,0.2984848484848485,0.5499591917145109,0.047474747474747475,0.2148359225486885,0.35044446462267265,0.18676603383670254,0.5149907939566054
9,0.0005,0.5280898064374924,0.0,1.156482488594272,0.14029300035062162,0.18133102255788716,0.16021338029002602,0.47178106564052585,0.4747085192827757,0.33817499815718294,0.3158561397207307,0.3661616161616162,0.5615343915343916,0.05202020202020202,0.19910808767951624,0.4833650703668333,0.48652660945850784,0.3775585747060393,0.3562273142406058,0.31767676767676767,0.5308989080265676,0.04873737373737374,0.23699904311606437,0.35786678643161113,0.2180535653977903,0.4775730680036796
10,0.0005,0.5234358459711075,0.0,1.161256609315222,0.14107027082619342,0.16816817031411285,0.15934662622484294,0.47639908135809655,0.4805555630236489,0.33270064164550794,0.32543869057555114,0.36287878787878786,0.5735714285714286,0.049999999999999996,0.1955026455026455,0.44572255179887194,0.44430168945215087,0.39665962648361364,0.2932953808071051,0.35959595959595964,0.543280704716875,0.056313131313131315,0.2523359225486885,0.3646801340645608,0.223919284025667,0.46106081657848424
11,0.00025,0.5188304974951528,0.0,1.1657711335203864,0.13533327254382047,0.16857151354832406,0.15537370699034495,0.5180499216038322,0.5273048094873283,0.31266821471923545,0.40130715435470343,0.32045454545454544,0.5886507936507936,0.036616161616161616,0.16613378684807256,0.5017840069604222,0.5069179193639263,0.36457919325721394,0.38667847267229943,0.29898989898989903,0.564941461218057,0.04292929292929293,0.21358493752110777,0.3386237039882247,0.18985936218459015,0.5099169642821273
12,0.00025,0.5122894190929153,0.0,1.1409242871132763,0.1378575686619363,0.16259734645824542,0.15804210906340319,0.4974731022736699,0.5041023709831125,0.3243238357168678,0.3648943631529147,0.34747474747474744,0.5782010582010582,0.04343434343434343,0.17224489795918366,0.4718165675030158,0.4737830932278831,0.3816998348641883,0.3380151747941033,0.33131313131313134,0.532376449397726,0.05025252525252525,0.23167989417989418,0.35301183529052804,0.20196239606953892,0.48464483488834287
13,0.00025,0.5081335465339097,0.0,1.1487894037907773,0.13553083696487275,0.15512198315594683,0.15688729701055723,0.5295788027399655,0.5398208585998584,0.31783882922163365,0.42015978768987433,0.31085858585858583,0.5792857142857143,0.03333333333333333,0.13917233560090703,0.5060620113920012,0.5112728390360203,0.3777680182581597,0.39249510460724635,0.2972222222222222,0.5532393335584825,0.04217171717171717,0.21057075312394463,0.3478034237398967,0.17487154436242583,0.5178204070659833
14,0.00025,0.5154614851556041,0.0,1.144376901063052,0.13452181973579255,0.17463285480202598,0.15058028477836738,0.506402830114102,0.5141696370500464,0.32049427630382454,0.38331059912660376,0.3358585858585859,0.5793915343915343,0.03787878787878788,0.16970521541950115,0.4805991727134994,0.4833263490896456,0.3781554114581681,0.353130850064879,0.3181818181818182,0.5329674659461894,0.04823232323232324,0.23167989417989418,0.3493248438809963,0.20069255479969766,0.4935010014138007
15,0.000125,0.5308630093932152,0.0,1.1431004215370526,0.14252354577183723,0.1885064575101503,0.16622244964607738,0.49430045279838175,0.5006763797485205,0.32403959113739544,0.3620740337421022,0.3505050505050505,0.5779365079365079,0.04191919191919192,0.1783068783068783,0.4736828283543295,0.47569462286577757,0.3770818921646063,0.34382498278792495,0.32828282828282823,0.5525301137003265,0.04797979797979798,0.2339848587189013,0.3505607416510009,0.2061458685128898,0.48399164057635563
16,0.000125,0.5152085860344496,0.0,1.1368654173883526,0.13605342517522248,0.17464977553622288,0.15227836954661392,0.5110075600256657,0.519191544136287,0.31638147481734846,0.39123732740242845,0.3303030303030303,0.579126984126984,0.036616161616161616,0.16772108843537417,0.4955005008368874,0.4999158754101525,0.3681935777775097,0.37810098723022334,0.3060606060606061,0.5590608465608466,0.04393939393939394,0.21393954745018576,0.3422875262974291,0.19083031794277996,0.5032540304312766
17,0.000125,0.5114399143917994,0.0,1.1484193205833435,0.1358279145576737,0.1612985603595999,0.1571577743373134,0.48686543539130994,0.4920937249868478,0.32698212239700775,0.3484044350361364,0.3563131313131313,0.5813756613756614,0.043181818181818175,0.18380952380952378,0.45514748034987884,0.4548783129557407,0.3865432029207155,0.31192755095638897,0.3429292929292929,0.5406802319036361,0.054040404040404035,0.248021501744906,0.3567626626588616,0.21591551277721488,0.47100645787059436
18,0.000125,0.5103298584845933,0.0,1.1511431099338965,0.1354718203233047,0.1585555744611404,0.15588950704444537,0.5107838238702679,0.5190733692661375,0.32098955911066296,0.39131985398391583,0.33257575757575764,0.5783333333333334,0.03686868686868687,0.16772108843537417,0.49003864289566934,0.49404099043627103,0.37579091396108516,0.3693650067185539,0.3116161616161616,0.5482452437239671,0.045959595959595964,0.2307342677023528,0.3483902365358741,0.1992276780688635,0.5004112333829687
19,6.25e-05,0.5212995166128332,0.0,1.170056935061108,0.1403377525169741,0.16117885539477522,0.15716200118715112,0.5021266926859758,0.509125064718041,0.3252269199158357,0.37441454765799637,0.34368686868686876,0.5756878306878307,0.04065656565656565,0.17156084656084655,0.4695311344451923,0.47102702651445305,0.3826968341960005,0.3355686861937104,0.3292929292929293,0.5276778678374423,0.05025252525252525,0.23744230552741188,0.3539618770559181,0.20450157604412922,0.485828913565584
20,6.25e-05,0.538187713785605,0.0,1.1604158783500844,0.1430821151218631,0.1941765804605728,0.15826682086017999,0.5088436580949492,0.516705062182238,0.32159093529210553,0.3874156482036681,0.33535353535353535,0.5788624338624339,0.03787878787878788,0.16994331065759635,0.4752026279536283,0.4773642448262017,0.3798370892676018,0.3452446445429948,0.3247474747474748,0.532553754362265,0.048484848484848485,0.23433946864797928,0.35071401227985366,0.20214138965278783,0.49202314302428873
21,6.25e-05,0.5314157974313606,0.0,1.1753244704820893,0.1423426428809762,0.17371632455086167,0.1676774744621732,0.5036415698872445,0.5108259434911977,0.32456800541695374,0.37812198881421427,0.3398989898989899,0.5756878306878307,0.03989898989898989,0.17156084656084655,0.485948939172233,0.48936349692277886,0.3767034474302379,0.36266804695443405,0.3151515151515152,0.547683778002927,0.04621212121212122,0.2307342677023528,0.35063572642359586,0.20114755713159968,0.4947952545297387
22,6.25e-05,0.5059884305704724,0.0,1.134844097224149,0.13731114896522326,0.1549978572451933,0.1493465853008357,0.4914388513677296,0.49694969163471575,0.3289715827002843,0.35524468669943154,0.3545454545454545,0.5766137566137566,0.044696969696969686,0.1841269841269841,0.4632772334309868,0.46394249493693496,0.3850894794455546,0.3244242081912285,0.3348484848484849,0.5514367330856692,0.05252525252525253,0.24287965777327478,0.3570305310729195,0.21350332095012944,0.4773580423993582
23,3.125e-05,0.5301934328268875,0.0,1.155005476691506,0.1415019715204835,0.18423536682332103,0.15644817122004248,0.5070289587189649,0.5145434252705534,0.32234730678910334,0.3842292000729086,0.3368686868686869,0.5783333333333334,0.03914141414141414,0.17092592592592593,0.48858109741649075,0.4923105083099649,0.3729025928405198,0.3667055874629034,0.3106060606060606,0.5462653382866149,0.04621212121212122,0.2307342677023528,0.34762494981481157,0.20083009681413938,0.49780502806772786
24,3.125e-05,0.500036546452479,0.0,1.143305206163363,0.13509707584638486,0.14241456587544896,0.1581176905469461,0.5002983906796103,0.5070183324669811,0.3242094498041439,0.37241977511833446,0.34671717171717176,0.5780687830687831,0.040909090909090895,0.17195767195767198,0.47726114125656577,0.4796873404572057,0.37626438134257334,0.34865363900266,0.32373737373737377,0.5431920522346054,0.047474747474747475,0.23433946864797928,0.3502369155733586,0.20314857030282563,0.48877976596808803
25,3.125e-05,0.5032402686774731,0.0,1.1422635662284764,0.13184168528426776,0.1565616557543928,0.15103731626136738,0.49844232089203555,0.5049151834665424,0.3250948232502912,0.36912560080669277,0.34873737373737373,0.5766137566137566,0.04141414141414141,0.1746031746031746,0.47683128712110673,0.4792019068569219,0.3768135819121772,0.34789856880398,0.32323232323232326,0.5431920522346054,0.04772727272727273,0.23433946864797928,0.3509542025812342,0.20447132162557694,0.48763680400657117
26,3.125e-05,0.518739334561608,0.0,1.1825849786400795,0.1366575306112116,0.1571284189439294,0.15742694315585223,0.5113873920421477,0.5194787741737064,0.321435535534743,0.3918712340370915,0.3330808080808081,0.5788624338624339,0.03686868686868687,0.16758503401360542,0.49181417531723287,0.49593714396012845,0.3712277612361358,0.37219262756447,0.3098484848484848,0.5510821231565912,0.045454545454545456,0.2307342677023528,0.3463316483854394,0.1991596508579791,0.5016007836796903
27,1.5625e-05,0.5074247799136422,0.0,1.1377866498448632,0.13706348709423433,0.15619048954580317,0.15638776597651569,0.5099381611886472,0.5177813492859202,0.3219936470838737,0.38911442782786354,0.3345959595959596,0.5830952380952381,0.03737373737373737,0.16803854875283447,0.47758848636429035,0.480074547554102,0.3766666656172846,0.34901958739550504,0.32373737373737377,0.545556118428459,0.04722222222222223,0.23167989417989418,0.3493301563505792,0.1998592214663643,0.4937633237764688
28,1.5625e-05,0.5365876860239289,0.0,1.1856365149671382,0.14158792836083609,0.18114355782216246,0.1603770416907289,0.5114646705993156,0.5194843841756384,0.3214441177670792,0.39183660567749046,0.33257575757575764,0.5783333333333334,0.03686868686868687,0.16803854875283447,0.48500736754685175,0.4883429764405882,0.3738505385495651,0.3610776732179979,0.3151515151515151,0.5427192389958349,0.04621212121212122,0.2307342677023528,0.34764732815832217,0.19938640822759363,0.4982360190730837
29,1.5625e-05,0.5062475522810762,0.0,1.1424926207824186,0.1366660821844231,0.1517388055693697,0.16177821819755164,0.5031157715517883,0.5101131383091998,0.32389036038447605,0.3771400123511998,0.33989898989899,0.5672222222222222,0.03989898989898989,0.17156084656084655,0.4795295386093168,0.48223569770512825,0.3760509510820884,0.35210976646462855,0.3214646464646465,0.5443740853315322,0.04722222222222223,0.23167989417989418,0.34997065573328223,0.20162037037037037,0.49132265508055256
30,1.5625e-05,0.5037878186187961,0.0,1.1228992708704688,0.1370598373257301,0.1564845320006663,0.15521783119236882,0.5022822654835202,0.5091990493350492,0.3239466209450026,0.3759294212695739,0.3419191919191919,0.5688095238095239,0.03989898989898989,0.17156084656084655,0.47766326487129024,0.48013225596288567,0.37681155758550705,0.3492285702643747,0.32323232323232326,0.5443740853315322,0.04722222222222223,0.23167989417989418,0.35037908926525485,0.20162037037037037,0.4899727651774052
31,1e-05,0.5069088129834696,0.0,1.1306149221279405,0.13654678526588462,0.16022004051641983,0.15196549452163957,0.501402799762991,0.5081780361805285,0.324201620764392,0.37429241123757095,0.34318181818181814,0.5676190476190476,0.03989898989898989,0.17156084656084655,0.4782698226830774,0.4807917334783921,0.3765195010899878,0.3500889061504945,0.3222222222222222,0.5431920522346054,0.04722222222222223,0.23167989417989418,0.3503605609271899,0.20162037037037037,0.48983631122303417
32,1e-05,0.51233921200037,0.0,1.1471837210384281,0.13690544639460064,0.16191333257169885,0.15362338908016682,0.5045777948810347,0.5117361822912588,0.3232821982742486,0.38006518591805,0.33914141414141413,0.5703968253968253,0.03914141414141414,0.17092592592592593,0.47859725666395064,0.4811721158643221,0.3765235775859032,0.350617579057814,0.32196969696969696,0.5443740853315322,0.04722222222222223,0.23167989417989418,0.3499028879300759,0.20130291005291007,0.49158752577249265
33,1e-05,0.4995087263259021,0.0,1.133209342983636,0.132764753123576,0.1513351058291102,0.1554817117073319,0.5029607700849889,0.509913404220234,0.3239160624211577,0.37706582923126164,0.3409090909090909,0.5672222222222222,0.03989898989898989,0.17156084656084655,0.4785126736034654,0.4810638469059447,0.3765904491197519,0.3504643049463831,0.32272727272727275,0.5431920522346054,0.04722222222222223,0.23167989417989418,0.35025325577045485,0.20162037037037037,0.4907367218442271
34,1e-05,0.5260592421347444,0.0,1.1447890800508587,0.14136683771556074,0.1816940771585161,0.15296189859509468,0.5059684698961615,0.5132967211251461,0.32291631960597333,0.3825308816056402,0.3373737373737374,0.5688095238095239,0.03888888888888888,0.17092592592592593,0.47873250306216125,0.48129439538267255,0.37641742477865703,0.35091720521325126,0.32272727272727275,0.5431920522346054,0.04722222222222223,0.23167989417989418,0.3496668721923152,0.20130291005291007,0.49235048647916135
35,1e-05,0.5111726881428198,0.0,1.1383672017942776,0.13884497493166814,0.16001080708916893,0.15461030060594733,0.5065560634206793,0.5139708832887353,0.3226317612646795,0.3837549926028509,0.3361111111111112,0.5688095238095239,0.03888888888888888,0.17092592592592593,0.4793285298766948,0.4819764279331094,0.3760980268887005,0.3519268121176193,0.3212121212121213,0.5431920522346054,0.04722222222222223,0.23167989417989418,0.34936489407669,0.20130291005291007,0.49294229664868705
36,1e-05,0.5061681870032441,0.0,1.1347920047965916,0.13697022013366222,0.15531541862186382,0.156845179640434,0.5039137419026278,0.5110283744316104,0.3235828178383228,0.3791850899720041,0.33939393939393936,0.5672222222222222,0.03888888888888888,0.17092592592592593,0.4784574180440688,0.48100537422022305,0.3767078840161722,0.3505643590117453,0.32272727272727275,0.532553754362265,0.04722222222222223,0.23167989417989418,0.3501453509272475,0.20130291005291007,0.49118557997334833
37,1e-05,0.5029517188668251,0.0,1.122487915510481,0.1361146927387877,0.15712906102734533,0.15301027741621842,0.502973523707744,0.5099533597585341,0.3241456541887815,0.37721817700983856,0.3411616161616162,0.5672222222222222,0.03964646464646464,0.17156084656084655,0.4772228146671126,0.47961534419509433,0.37730102809455485,0.34842397245292744,0.3247474747474748,0.5431920522346054,0.04747474747474748,0.23167989417989418,0.35072334114166814,0.20162037037037037,0.49009816918742827
38,1e-05,0.5115128210322424,0.0,1.1453470072963021,0.13511441063813187,0.16484943574125116,0.1527387871491638,0.5043867405234939,0.5115310296321165,0.32360095726411764,0.37982837555725785,0.33964646464646464,0.5703968253968253,0.03888888888888888,0.17092592592592593,0.47992126626978737,0.4826160495845913,0.3759997904547019,0.352994590420327,0.3207070707070707,0.5337357874591917,0.04722222222222223,0.23167989417989418,0.34980037385940976,0.20130291005291007,0.4921540033966406
39,1e-05,0.5149910930882801,0.0,1.144190440801057,0.13851139296523549,0.16534945906393908,0.15514720045030117,0.502419878524508,0.5093319520567309,0.32432546429421877,0.3764137438135543,0.34242424242424246,0.5676190476190476,0.04015151515151515,0.17314814814814816,0.47916613040905887,0.4817651170434339,0.37662577661793234,0.3517573042160289,0.32196969696969696,0.5337357874591917,0.04722222222222223,0.23167989417989418,0.35047562045607555,0.20241402116402119,0.4907930044667834
40,1e-05,0.5157457911832766,0.0,1.137667638334361,0.13771321886981075,0.17167439476840876,0.15556928921829571,0.5025789352111532,0.5095136742044014,0.3244944350512206,0.3767182268311905,0.34242424242424246,0.5676190476190476,0.04015151515151515,0.17314814814814816,0.48100848346337655,0.48383008927396,0.3762960411807675,0.3546747874342123,0.3191919191919192,0.5337357874591917,0.04722222222222223,0.23167989417989418,0.35039523811599405,0.20241402116402119,0.49179370933726485
