quantity,population,lead_bin,metric,n_paired_events,cross_attention_value,ca_urc_value,mean_delta_caurc_minus_cross_attention,median_delta_caurc_minus_cross_attention,relative_change_percent,delta_percentage_points
pga,high_motion_tail,10-20s,mae,32,0.7310097642600606,0.6414954429727355,-0.089514321287325,-0.08941225800802349,-12.245297623067025,
pga,high_motion_tail,10-20s,bias,32,-0.7249105402191549,-0.6314888418499154,0.09342169836923962,0.0936247692114873,,
pga,high_motion_tail,10-20s,factor2,32,0.0884493457930958,0.17647075147075147,0.08802140567765568,0.0,,8.802140567765568
pga,high_motion_tail,10-20s,factor3,32,0.23788396499334,0.3337097451159951,0.09582578012265514,0.0,,9.582578012265511
pga,high_motion_tail,10-20s,under05,32,0.7357953504828505,0.6639945818070818,-0.07180076867576868,0.0,,-7.180076867576868
pga,high_motion_tail,5-10s,mae,51,0.5753067362022395,0.4972127937095095,-0.07809394249272986,-0.07347704389510534,-13.574313940464165,
pga,high_motion_tail,5-10s,bias,51,-0.5693145792793767,-0.4817374365788268,0.08757714270054982,0.09712955005414037,,
pga,high_motion_tail,5-10s,factor2,51,0.19037008742891096,0.2674942704354469,0.07712418300653595,0.0,,7.712418300653592
pga,high_motion_tail,5-10s,factor3,51,0.3907435701553349,0.49533146591970123,0.10458789576436635,0.0,,10.458789576436633
pga,high_motion_tail,5-10s,under05,51,0.5776271114506408,0.4245331465919701,-0.15309396485867074,0.0,,-15.309396485867072
pga,high_motion_tail,2-5s,mae,36,0.7040162438501664,0.6202265340903644,-0.08378970975980193,-0.08744426240008885,-11.901672794020737,
pga,high_motion_tail,2-5s,bias,36,-0.6949181691972344,-0.6077404494759255,0.08717771972130893,0.09130997299179155,,
pga,high_motion_tail,2-5s,factor2,36,0.16477272727272727,0.21717171717171718,0.052398989898989896,0.0,,5.239898989898991
pga,high_motion_tail,2-5s,factor3,36,0.3005050505050505,0.37003367003367005,0.06952861952861952,0.0,,6.952861952861955
pga,high_motion_tail,2-5s,under05,36,0.6691919191919191,0.5857744107744107,-0.08341750841750842,0.0,,-8.341750841750839
pga,high_motion_tail,>=20s,mae,25,0.9238124256544967,0.8447366631219579,-0.07907576253253873,-0.08107916900295853,-8.559720603077588,
pga,high_motion_tail,>=20s,bias,25,-0.9152112939977829,-0.8345031260462058,0.0807081679515771,0.08234576150488426,,
pga,high_motion_tail,>=20s,factor2,25,0.054517543859649124,0.06327719298245615,0.008759649122807018,0.0,,0.875964912280703
pga,high_motion_tail,>=20s,factor3,25,0.07282543859649122,0.10070661122503229,0.02788117262854105,0.0,,2.788117262854106
pga,high_motion_tail,>=20s,under05,25,0.9214324029771399,0.8878918736234526,-0.03354052935368724,0.0,,-3.3540529353687343
pga,high_motion_tail,1-2s,mae,28,0.5764574890158006,0.5025710662686377,-0.07388642274716295,-0.07234554316169556,-12.817323767154274,
pga,high_motion_tail,1-2s,bias,28,-0.5701727726097618,-0.48220412761605475,0.08796864499370705,0.08866985998311272,,
pga,high_motion_tail,1-2s,factor2,28,0.13839285714285715,0.21726190476190474,0.0788690476190476,0.0,,7.886904761904759
pga,high_motion_tail,1-2s,factor3,28,0.3095238095238095,0.4992559523809524,0.18973214285714285,0.0,,18.973214285714292
pga,high_motion_tail,1-2s,under05,28,0.636904761904762,0.48288690476190477,-0.15401785714285715,0.0,,-15.40178571428572
pga,high_motion_tail,0-1s,mae,40,0.560225617972513,0.47750784966170184,-0.08271776831081114,-0.08430599600297267,-14.765081363142814,
pga,high_motion_tail,0-1s,bias,40,-0.5541089361072296,-0.4610141775931712,0.09309475851405832,0.09089434143263919,,
pga,high_motion_tail,0-1s,factor2,40,0.218422619047619,0.2880059523809524,0.06958333333333333,0.0,,6.958333333333338
pga,high_motion_tail,0-1s,factor3,40,0.36717261904761905,0.4609226190476191,0.09375,0.0,,9.375000000000005
pga,high_motion_tail,0-1s,under05,40,0.6109523809523809,0.4859523809523809,-0.125,0.0,,-12.5
pgv,high_motion_tail,2-5s,mae,26,0.6884994213156372,0.5833918268416809,-0.10510759447395615,-0.11140218994461804,-15.266184868116337,
pgv,high_motion_tail,2-5s,bias,26,-0.633755332553274,-0.5084795272886488,0.1252758052646253,0.1291526950587752,,
pgv,high_motion_tail,2-5s,factor2,26,0.1703778677462888,0.26383265856950067,0.09345479082321188,0.0,,9.345479082321187
pgv,high_motion_tail,2-5s,factor3,26,0.3168690958164642,0.4042510121457489,0.08738191632928474,0.0,,8.738191632928466
pgv,high_motion_tail,2-5s,under05,26,0.6322537112010795,0.5597165991902834,-0.07253711201079624,0.0,,-7.253711201079616
pgv,high_motion_tail,10-20s,mae,35,0.6818916574802564,0.5649290121163549,-0.11696264536390137,-0.13313183037029663,-17.152672874178403,
pgv,high_motion_tail,10-20s,bias,35,-0.6451704809730526,-0.5173184474381463,0.1278520335349064,0.13382908204191815,,
pgv,high_motion_tail,10-20s,factor2,35,0.21746385827058096,0.2841568506190355,0.06669299234845454,0.0,,6.669299234845455
pgv,high_motion_tail,10-20s,factor3,35,0.3301154279893775,0.4176099409460754,0.08749451295669783,0.0,,8.749451295669791
pgv,high_motion_tail,10-20s,under05,35,0.660456000582051,0.5421491626953812,-0.11830683788666982,0.0,,-11.830683788666985
pgv,high_motion_tail,5-10s,mae,49,0.6317697720943356,0.5351065697073395,-0.09666320238699606,-0.11196566168302696,-15.300384199540714,
pgv,high_motion_tail,5-10s,bias,49,-0.5934011582639926,-0.47558231942140766,0.11781883884258507,0.12260306419183697,,
pgv,high_motion_tail,5-10s,factor2,49,0.14107334663188584,0.25698941230627587,0.11591606567439007,0.0,,11.591606567439003
pgv,high_motion_tail,5-10s,factor3,49,0.32985013554293896,0.4888586261572298,0.15900849061429081,0.0,,15.900849061429085
pgv,high_motion_tail,5-10s,under05,49,0.6476139327911615,0.490359828141783,-0.15725410464937856,0.0,,-15.72541046493785
pgv,high_motion_tail,>=20s,mae,38,0.8682823541582207,0.791547093713316,-0.07673526044490457,-0.08128222654645234,-8.837592987743921,
pgv,high_motion_tail,>=20s,bias,38,-0.809718548072594,-0.7134233919111418,0.0962951561614521,0.09497590832294733,,
pgv,high_motion_tail,>=20s,factor2,38,0.11995932408287795,0.1568870167748895,0.03692769269201158,0.0,,3.692769269201156
pgv,high_motion_tail,>=20s,factor3,38,0.24771058250465947,0.29936063138350494,0.05165004887884552,0.0,,5.165004887884547
pgv,high_motion_tail,>=20s,under05,38,0.727567435472662,0.670610813719621,-0.05695662175304101,0.0,,-5.695662175304106
pgv,high_motion_tail,1-2s,mae,20,0.5596720282959216,0.44642787811789847,-0.11324415017802307,-0.11746791153008135,-20.23402000682912,
pgv,high_motion_tail,1-2s,bias,20,-0.5403628966302583,-0.42213360468928035,0.11822929194097802,0.12242260728042309,,
pgv,high_motion_tail,1-2s,factor2,20,0.12159090909090908,0.25757575757575757,0.13598484848484846,0.0,,13.598484848484848
pgv,high_motion_tail,1-2s,factor3,20,0.39734848484848484,0.5712121212121212,0.1738636363636364,0.0,,17.386363636363633
pgv,high_motion_tail,1-2s,under05,20,0.5412878787878788,0.39969696969696966,-0.14159090909090907,0.0,,-14.15909090909091
pgv,high_motion_tail,0-1s,mae,21,0.6346327893317691,0.5141390171421646,-0.12049377218960447,-0.13443357617794038,-18.986376722904183,
pgv,high_motion_tail,0-1s,bias,21,-0.5974807809269617,-0.46241518761413936,0.13506559331282228,0.14090728286943244,,
pgv,high_motion_tail,0-1s,factor2,21,0.23730158730158735,0.3373015873015873,0.1,0.0,,9.999999999999998
pgv,high_motion_tail,0-1s,factor3,21,0.38650793650793647,0.5928571428571429,0.20634920634920637,0.0,,20.63492063492064
pgv,high_motion_tail,0-1s,under05,21,0.5896825396825397,0.4071428571428572,-0.18253968253968253,0.0,,-18.25396825396825
