quantity,population,metric,base_value,base_ci_lower,base_ci_upper,ca_urc_value,ca_urc_ci_lower,ca_urc_ci_upper,delta_value,delta_ci_lower,delta_ci_upper,n_events,n_sequence_groups,n_event_repeats,n_target_rows,aggregation,bootstrap_mode,bootstrap_repetitions,confidence_level
pga,overall,mae,0.3059409422750053,0.28192828506104617,0.3317054389181076,0.3055312032375342,0.279925429493386,0.3311300273779252,-0.00040973903747103507,-0.005759511400399752,0.0035855121160119764,224,22,4480,44800,targets -> nonempty repeats -> contributing events,hierarchical_group_event,10000,0.95
pga,overall,bias,-0.006910699342843137,-0.06036149594295636,0.03207662889593376,0.031683969717783464,-0.023509908271137053,0.07303168715435464,0.0385946690606266,0.030954165158753277,0.04494834534399085,224,22,4480,44800,targets -> nonempty repeats -> contributing events,hierarchical_group_event,10000,0.95
pga,overall,factor2,0.5766071428571429,0.5430135087686001,0.6104281226621595,0.5752008928571428,0.5409012272749194,0.6134256079027357,-0.0014062500000000062,-0.009041569548872428,0.008876499590355975,224,22,4480,44800,targets -> nonempty repeats -> contributing events,hierarchical_group_event,10000,0.95
pga,overall,under05,0.10511160714285715,0.085199781420765,0.13301922955974843,0.08845982142857144,0.07106918604651163,0.11359841568206225,-0.016651785714285713,-0.02141758145602647,-0.012132834928229645,224,22,4480,44800,targets -> nonempty repeats -> contributing events,hierarchical_group_event,10000,0.95
pga,overall,over05,0.07578125000000001,0.04308502274856149,0.10368484719864174,0.09348214285714286,0.05488123570611778,0.12587062113875438,0.017700892857142856,0.01133466114231271,0.022980780516431928,224,22,4480,44800,targets -> nonempty repeats -> contributing events,hierarchical_group_event,10000,0.95
pga,high_motion_tail,mae,0.639199011276043,0.5804363747425068,0.7204557955908504,0.566924828426537,0.5084104977995038,0.653347668891198,-0.0722741828495061,-0.07802267411555713,-0.06155988735386369,98,21,598,1363,targets -> nonempty repeats -> contributing events,hierarchical_group_event,10000,0.95
pga,high_motion_tail,bias,-0.6362259294842356,-0.7184572346055708,-0.5776907757398758,-0.559836480197321,-0.6479665105239492,-0.5014762164659632,0.07638944928691467,0.06444612070608723,0.08285826060996329,98,21,598,1363,targets -> nonempty repeats -> contributing events,hierarchical_group_event,10000,0.95
pga,high_motion_tail,factor2,0.14576033341110425,0.0673860383796074,0.21186632199374408,0.20506745116593003,0.12723331586717918,0.2821817639468732,0.05930711775482579,0.0261708000153865,0.12445959377640567,98,21,598,1363,targets -> nonempty repeats -> contributing events,hierarchical_group_event,10000,0.95
pga,high_motion_tail,under05,0.6399902758627565,0.5480759499260756,0.759247224166146,0.5380486882988937,0.43384037754613286,0.641045581545892,-0.10194158756386279,-0.20292912986026676,-0.048764032738366526,98,21,598,1363,targets -> nonempty repeats -> contributing events,hierarchical_group_event,10000,0.95
pga,high_motion_tail,over05,0.00031887755102040814,0.0,0.0015783827196010724,0.0004039115646258503,0.0,0.0019992847781613587,8.503401360544216e-05,0.0,0.00042090205856028603,98,21,598,1363,targets -> nonempty repeats -> contributing events,hierarchical_group_event,10000,0.95
pgv,overall,mae,0.2657673740599837,0.23731122983669642,0.29232351191644385,0.26348631560442926,0.23473110032522929,0.28945858968957716,-0.002281058455554379,-0.007119889183404017,0.0014354259258589218,224,22,4480,44800,targets -> nonempty repeats -> contributing events,hierarchical_group_event,10000,0.95
pgv,overall,bias,-0.028980935066938402,-0.0798174478380926,0.007975181332141302,0.005872031612677457,-0.04568044632819256,0.04358359544544005,0.03485296667961586,0.025430326338184737,0.04395540961139067,224,22,4480,44800,targets -> nonempty repeats -> contributing events,hierarchical_group_event,10000,0.95
pgv,overall,factor2,0.6720535714285714,0.6285860552691036,0.7227044275220703,0.6696875,0.6239637355153095,0.7235534722406783,-0.0023660714285714288,-0.010496415441176476,0.00739296722113509,224,22,4480,44800,targets -> nonempty repeats -> contributing events,hierarchical_group_event,10000,0.95
pgv,overall,under05,0.09238839285714286,0.06803915553951642,0.1224634958071279,0.07785714285714285,0.05737137458604849,0.10386999760841834,-0.014531249999999999,-0.019999999999999962,-0.009496982405891993,224,22,4480,44800,targets -> nonempty repeats -> contributing events,hierarchical_group_event,10000,0.95
pgv,overall,over05,0.046450892857142864,0.023717642029592416,0.06493042412977355,0.05970982142857143,0.03159237132352942,0.08246022319934998,0.013258928571428573,0.006562458664021171,0.019931514632627628,224,22,4480,44800,targets -> nonempty repeats -> contributing events,hierarchical_group_event,10000,0.95
pgv,high_motion_tail,mae,0.7469587083547743,0.6289635166682019,0.9831298927083223,0.6484098234134109,0.5276951206786318,0.8886773302834161,-0.09854888494136321,-0.11197971596545672,-0.08502051271562297,87,18,560,1485,targets -> nonempty repeats -> contributing events,hierarchical_group_event,10000,0.95
pgv,high_motion_tail,bias,-0.721669770546954,-0.9718629036008917,-0.5944994693464629,-0.6131339489071743,-0.8748914047835686,-0.481119533457251,0.10853582163977968,0.09349441690387567,0.1209547686441431,87,18,560,1485,targets -> nonempty repeats -> contributing events,hierarchical_group_event,10000,0.95
pgv,high_motion_tail,factor2,0.10631775756860276,0.03166233716475096,0.158282401498924,0.20573960570130634,0.09313850556586041,0.28523656153948806,0.0994218481327036,0.037147602774003835,0.16575479789081546,87,18,560,1485,targets -> nonempty repeats -> contributing events,hierarchical_group_event,10000,0.95
pgv,high_motion_tail,under05,0.7145673644074947,0.6144796476583101,0.8718785679476468,0.6035403025075546,0.486910853016254,0.7729061958547977,-0.11102706189994008,-0.20156015793451879,-0.05516200828362238,87,18,560,1485,targets -> nonempty repeats -> contributing events,hierarchical_group_event,10000,0.95
pgv,high_motion_tail,over05,0.005967504969319851,0.0,0.013414095618184834,0.0069381307675318565,0.0,0.01437832272883696,0.000970625798212005,0.0,0.0022549267181620116,87,18,560,1485,targets -> nonempty repeats -> contributing events,hierarchical_group_event,10000,0.95
