quantity,model,metric,summary_value,ecdf_weighted_value,absolute_difference
pga,Cross-Attention Base,mae,0.639199011276043,0.6391990112760431,1.1102230246251565e-16
pga,Cross-Attention Base,bias,-0.6362259294842356,-0.6362259294842357,1.1102230246251565e-16
pga,Cross-Attention Base,factor2,0.14576033341110425,0.14576033341110423,2.7755575615628914e-17
pga,Cross-Attention Base,under05,0.6399902758627565,0.6399902758627565,0.0
pga,Cross-Attention Base,over05,0.00031887755102040814,0.0003188775510204082,5.421010862427522e-20
pga,CA-URC,mae,0.566924828426537,0.5669248284265369,1.1102230246251565e-16
pga,CA-URC,bias,-0.559836480197321,-0.5598364801973211,1.1102230246251565e-16
pga,CA-URC,factor2,0.20506745116593003,0.20506745116593006,2.7755575615628914e-17
pga,CA-URC,under05,0.5380486882988937,0.5380486882988937,0.0
pga,CA-URC,over05,0.0004039115646258503,0.0004039115646258504,5.421010862427522e-20
pgv,Cross-Attention Base,mae,0.7469587083547743,0.7469587083547744,1.1102230246251565e-16
pgv,Cross-Attention Base,bias,-0.721669770546954,-0.7216697705469541,1.1102230246251565e-16
pgv,Cross-Attention Base,factor2,0.10631775756860276,0.10631775756860273,2.7755575615628914e-17
pgv,Cross-Attention Base,under05,0.7145673644074947,0.7145673644074948,1.1102230246251565e-16
pgv,Cross-Attention Base,over05,0.005967504969319851,0.005967504969319851,0.0
pgv,CA-URC,mae,0.6484098234134109,0.6484098234134111,2.220446049250313e-16
pgv,CA-URC,bias,-0.6131339489071743,-0.6131339489071747,3.3306690738754696e-16
pgv,CA-URC,factor2,0.20573960570130634,0.20573960570130628,5.551115123125783e-17
pgv,CA-URC,under05,0.6035403025075546,0.6035403025075546,0.0
pgv,CA-URC,over05,0.0069381307675318565,0.006938130767531856,8.673617379884035e-19
