epoch,train_loss,validation_mae_pga,validation_mae_pgv,validation_score,learning_rate
1,0.3309457270260916,0.48891199734091945,0.46186958029266334,0.4753907888167914,0.001
2,0.15510035323134183,0.4453980066830026,0.38435231259095687,0.41487515963697974,0.001
3,0.14595681539822067,0.4480280984331061,0.3713398589604143,0.4096839786967602,0.001
4,0.13185881689830023,0.4304944433163905,0.35227854050299967,0.3913864919096951,0.001
5,0.13724026780754103,0.415178352786339,0.3510579576238918,0.3831181552051154,0.001
6,0.131471473043761,0.4306350375047245,0.36786979939818576,0.3992524184514551,0.001
7,0.12195775967445366,0.4205169106547191,0.35118646792551556,0.3858516892901173,0.001
8,0.12819729670192936,0.42430681296400796,0.3823740722092646,0.40334044258663626,0.001
9,0.12447614292320432,0.4023629110696427,0.34366130972829995,0.3730121103989713,0.001
10,0.11932520631033398,0.40791755942522806,0.39043769270133666,0.39917762606328233,0.001
11,0.1177710663179473,0.4486787884035741,0.3897429368154246,0.41921086260949936,0.001
12,0.11286332517787125,0.4006685887269928,0.3573469698909017,0.37900777930894725,0.001
13,0.12107937707181134,0.39980560190819703,0.3422908494054023,0.3710482256567996,0.001
14,0.11057887379239846,0.4003723938012084,0.400063721626853,0.40021805771403074,0.001
15,0.11086307628326199,0.392546396046253,0.4105611319127291,0.40155376397949105,0.001
16,0.11212427035613257,0.43602091184368846,0.38705814155403545,0.41153952669886196,0.001
17,0.11184071125956119,0.4337497442912749,0.381745091325419,0.40774741780834695,0.001
18,0.10973618261647686,0.394512516759252,0.34791659807813335,0.3712145574186927,0.0005
19,0.1015654382044473,0.36980670184712866,0.3288431719497398,0.34932493689843425,0.0005
20,0.10596210217531034,0.385750311901028,0.3456337740455849,0.36569204297330643,0.0005
21,0.10011879372260869,0.3837928459360212,0.33212492801908905,0.3579588869775551,0.0005
22,0.09836278447240616,0.3720778478996381,0.3394439745832373,0.3557609112414377,0.0005
23,0.09609407947231884,0.36928963387645963,0.33165423100313324,0.35047193243979646,0.0005
24,0.09763916625106304,0.3889669816755059,0.3587278333263121,0.373847407500909,0.00025
25,0.09024791301073799,0.3569673725660297,0.3233415945524563,0.340154483559243,0.00025
26,0.09114115495983546,0.3537827609145891,0.31882456406687,0.3363036624907295,0.00025
27,0.09408231731895843,0.3556560346949696,0.3197972359288717,0.33772663531192065,0.00025
28,0.089435268014895,0.37413274183173495,0.327666446187454,0.3508995940095945,0.00025
29,0.09097212035431393,0.3620284872834425,0.31761446277492483,0.3398214750291837,0.00025
30,0.08842824608764295,0.3565231114673922,0.31717903143733783,0.33685107145236504,0.00025
31,0.09224694922779467,0.3580125315657752,0.31540324586217144,0.33670788871397334,0.000125
32,0.0841261125204942,0.34241004641889183,0.3097416387280021,0.32607584257344696,0.000125
33,0.08496231686314482,0.3393269459886443,0.30418281130936603,0.3217548786490052,0.000125
34,0.08538531765178836,0.332654311393962,0.3022170773834806,0.3174356943887213,0.000125
35,0.0868959936013334,0.3385389777293336,0.3038279709032768,0.32118347431630523,0.000125
36,0.08279856596427168,0.3545745512809539,0.30775456011967195,0.3311645557003129,0.000125
37,0.08460794777755881,0.3428294053688142,0.30763615964883384,0.32523278250882404,0.000125
38,0.08451928227788967,0.3373826951700325,0.30946222747197666,0.3234224613210046,0.000125
39,0.0837924868319594,0.33658972480446814,0.2990896426345223,0.3178396837194952,6.25e-05
40,0.08179469839603185,0.33516505212791486,0.3021565252072185,0.31866078866756664,6.25e-05
41,0.08117328462002155,0.33464074141545375,0.2954547855397161,0.3150477634775849,6.25e-05
42,0.08168923254520377,0.33338062236274496,0.30087260514641734,0.3171266137545812,6.25e-05
43,0.08337396048980665,0.33100542431868213,0.2957679827432126,0.31338670353094733,6.25e-05
44,0.08261281510703798,0.3319068547512214,0.29491613704033326,0.3134114958957773,6.25e-05
45,0.07855540069088002,0.3312663781182202,0.29573012632640283,0.31349825222231154,6.25e-05
46,0.08088358770507639,0.33421015093483974,0.29162095397374865,0.3129155524542942,6.25e-05
47,0.08183127113432319,0.3306054517170849,0.2919342288072559,0.3112698402621704,6.25e-05
48,0.07997742220070103,0.3418538970167893,0.2987776733442973,0.32031578518054327,6.25e-05
49,0.08049389605290555,0.33653802415790957,0.2995888097082743,0.3180634169330919,6.25e-05
50,0.08085097482191403,0.32964492783838234,0.29781296216731296,0.31372894500284765,6.25e-05
