split_time_clean,sequence_group,n,mmax,year_min,year_max
ridgecrest_ood,0,593,7.1,2019,2019
test,10,25,4.9,2024,2024
test,19,13,4.6,2024,2024
test,99,13,3.9,2021,2021
test,138,7,3.7,2023,2023
test,140,6,3.7,2024,2024
test,139,5,3.7,2023,2023
test,173,5,3.6,2023,2023
test,84,4,4.0,2021,2021
test,100,4,3.9,2024,2024
test,167,4,3.6,2021,2021
test,168,4,3.6,2021,2021
test,137,3,3.7,2021,2021
test,177,3,3.6,2023,2023
test,259,3,3.4,2023,2023
test,381,3,3.2,2023,2023
test,11,2,4.9,2024,2024
test,85,2,4.0,2021,2021
test,116,2,3.8,2022,2022
test,214,2,3.5,2021,2021
test,215,2,3.5,2021,2021
test,216,2,3.5,2021,2021
test,217,2,3.5,2023,2023
test,255,2,3.4,2022,2022
test,256,2,3.4,2023,2023
test,260,2,3.4,2024,2024
test,313,2,3.3,2024,2024
test,314,2,3.3,2024,2024
test,315,2,3.3,2024,2024
test,376,2,3.2,2021,2021
test,384,2,3.2,2024,2024
test,385,2,3.2,2024,2024
test,442,2,3.1,2021,2021
test,86,1,4.0,2022,2022
test,87,1,4.0,2022,2022
test,101,1,3.9,2024,2024
test,117,1,3.8,2024,2024
test,118,1,3.8,2024,2024
test,119,1,3.8,2024,2024
test,141,1,3.7,2024,2024
test,169,1,3.6,2021,2021
test,170,1,3.6,2022,2022
test,172,1,3.6,2022,2022
test,174,1,3.6,2023,2023
test,176,1,3.6,2023,2023
test,178,1,3.6,2024,2024
test,179,1,3.6,2024,2024
test,180,1,3.6,2024,2024
test,213,1,3.5,2021,2021
test,258,1,3.4,2023,2023
test,309,1,3.3,2021,2021
test,310,1,3.3,2022,2022
test,311,1,3.3,2022,2022
test,312,1,3.3,2024,2024
test,372,1,3.2,2021,2021
test,373,1,3.2,2021,2021
test,374,1,3.2,2021,2021
test,375,1,3.2,2021,2021
test,377,1,3.2,2022,2022
test,378,1,3.2,2022,2022
test,379,1,3.2,2023,2023
test,383,1,3.2,2024,2024
test,441,1,3.1,2021,2021
test,443,1,3.1,2021,2021
test,444,1,3.1,2021,2021
test,445,1,3.1,2021,2021
test,448,1,3.1,2021,2021
test,449,1,3.1,2022,2022
test,450,1,3.1,2022,2022
test,451,1,3.1,2022,2022
test,452,1,3.1,2023,2023
test,453,1,3.1,2023,2023
test,522,1,3.0,2021,2021
test,523,1,3.0,2021,2021
test,524,1,3.0,2021,2021
test,525,1,3.0,2022,2022
test,526,1,3.0,2022,2022
test,527,1,3.0,2022,2022
test,528,1,3.0,2022,2022
test,529,1,3.0,2023,2023
test,530,1,3.0,2023,2023
test,531,1,3.0,2023,2023
test,532,1,3.0,2023,2023
test,533,1,3.0,2023,2023
test,534,1,3.0,2023,2023
test,536,1,3.0,2024,2024
test,537,1,3.0,2024,2024
test,538,1,3.0,2024,2024
test,539,1,3.0,2024,2024
train,2,53,4.7,2010,2010
train,4,50,5.4,2012,2012
train,21,41,4.5,2010,2010
train,20,30,4.2,2010,2010
train,68,19,4.0,2010,2010
train,5,18,4.6,2010,2010
train,15,17,4.7,2012,2012
train,14,13,4.7,2010,2010
train,69,13,4.0,2010,2010
train,7,12,5.1,2011,2011
train,8,11,4.8,2010,2010
train,70,10,3.7,2010,2010
train,97,9,3.9,2016,2017
train,269,8,3.3,2011,2011
train,26,7,4.4,2011,2011
train,43,7,4.0,2010,2010
train,58,7,4.1,2013,2013
train,289,7,3.3,2016,2016
train,9,6,4.9,2012,2012
train,45,6,4.2,2011,2012
train,46,6,4.2,2012,2012
train,75,6,4.0,2012,2012
train,105,6,3.8,2011,2011
train,13,5,4.8,2018,2018
train,42,5,4.2,2010,2010
train,93,5,3.9,2010,2010
train,110,5,3.8,2013,2013
train,129,5,3.5,2011,2011
train,134,5,3.7,2017,2017
train,150,5,3.6,2012,2013
train,423,5,3.1,2016,2016
train,52,4,3.5,2010,2010
train,53,4,4.1,2011,2011
train,61,4,4.1,2013,2013
train,71,4,4.0,2011,2011
train,96,4,3.9,2014,2014
train,107,4,3.8,2011,2011
train,151,4,3.6,2013,2013
train,194,4,3.5,2012,2012
train,196,4,3.4,2014,2014
train,199,4,3.5,2015,2015
train,238,4,3.4,2014,2014
train,286,4,3.3,2015,2016
train,3,3,4.1,2010,2010
train,25,3,4.4,2010,2010
train,28,3,4.4,2018,2018
train,31,3,3.9,2010,2010
train,35,3,4.3,2015,2015
train,44,3,4.2,2011,2011
train,78,3,4.0,2017,2017
train,135,3,3.7,2017,2017
train,192,3,3.5,2012,2012
train,200,3,3.5,2015,2015
train,220,3,3.4,2010,2010
train,290,3,3.3,2017,2017
train,296,3,3.3,2018,2018
train,342,3,3.2,2014,2014
train,358,3,3.2,2017,2017
train,41,2,4.2,2010,2010
train,47,2,4.2,2014,2014
train,50,2,4.1,2010,2010
train,57,2,4.1,2012,2012
train,64,2,4.1,2015,2015
train,66,2,4.1,2017,2017
train,89,2,3.3,2010,2010
train,103,2,3.8,2010,2010
train,113,2,3.8,2016,2016
train,132,2,3.7,2014,2014
train,145,2,3.6,2011,2011
train,152,2,3.0,2013,2013
train,156,2,3.6,2015,2015
train,204,2,3.5,2016,2016
train,207,2,3.5,2018,2018
train,218,2,3.4,2010,2010
train,236,2,3.4,2013,2013
train,241,2,3.4,2015,2015
train,243,2,3.4,2015,2015
train,293,2,3.3,2017,2017
train,325,2,3.2,2011,2011
train,334,2,3.2,2013,2013
train,336,2,3.2,2013,2013
train,340,2,3.2,2014,2014
train,347,2,3.2,2014,2014
train,352,2,3.2,2016,2016
train,354,2,3.2,2016,2016
train,402,2,3.1,2013,2013
train,413,2,3.1,2014,2014
train,417,2,3.1,2014,2015
train,426,2,3.1,2017,2017
train,430,2,3.1,2017,2017
train,32,1,4.3,2010,2010
train,33,1,4.3,2010,2010
train,34,1,4.3,2013,2013
train,54,1,3.6,2011,2011
train,55,1,4.1,2011,2011
train,59,1,4.1,2013,2013
train,62,1,4.1,2013,2013
train,67,1,4.1,2017,2017
train,76,1,4.0,2013,2013
train,77,1,4.0,2014,2014
train,79,1,4.0,2018,2018
train,80,1,4.0,2018,2018
train,88,1,3.9,2010,2010
train,91,1,3.3,2010,2010
train,102,1,3.8,2010,2010
train,104,1,3.8,2010,2010
train,112,1,3.8,2015,2015
train,114,1,3.8,2018,2018
train,123,1,3.7,2010,2010
train,124,1,3.7,2010,2010
train,125,1,3.7,2010,2010
train,128,1,3.7,2011,2011
train,131,1,3.7,2014,2014
train,133,1,3.7,2017,2017
train,143,1,3.3,2010,2010
train,147,1,3.6,2011,2011
train,157,1,3.6,2016,2016
train,183,1,3.5,2010,2010
train,184,1,3.5,2010,2010
train,185,1,3.5,2010,2010
train,188,1,3.5,2010,2010
train,191,1,3.5,2012,2012
train,193,1,3.3,2012,2012
train,198,1,3.5,2015,2015
train,202,1,3.5,2016,2016
train,203,1,3.5,2016,2016
train,205,1,3.5,2017,2017
train,206,1,3.5,2017,2017
train,219,1,3.4,2010,2010
train,221,1,3.3,2010,2010
train,222,1,3.4,2010,2010
train,223,1,3.4,2011,2011
train,228,1,3.4,2011,2011
train,230,1,3.4,2012,2012
train,232,1,3.4,2012,2012
train,240,1,3.4,2014,2014
train,242,1,3.4,2015,2015
train,244,1,3.4,2015,2015
train,245,1,3.4,2016,2016
train,246,1,3.4,2016,2016
train,247,1,3.4,2017,2017
train,248,1,3.4,2017,2017
train,262,1,3.3,2010,2010
train,263,1,3.0,2010,2010
train,265,1,3.3,2011,2011
train,266,1,3.3,2011,2011
train,273,1,3.3,2012,2012
train,275,1,3.3,2012,2012
train,277,1,3.3,2013,2013
train,279,1,3.3,2013,2013
train,280,1,3.3,2013,2013
train,283,1,3.3,2014,2014
train,284,1,3.3,2015,2015
train,287,1,3.3,2016,2016
train,291,1,3.3,2017,2017
train,292,1,3.3,2017,2017
train,295,1,3.3,2018,2018
train,319,1,3.2,2011,2011
train,320,1,3.2,2011,2011
train,326,1,3.2,2011,2011
train,331,1,3.2,2012,2012
train,333,1,3.2,2013,2013
train,335,1,3.2,2013,2013
train,337,1,3.2,2013,2013
train,339,1,3.2,2014,2014
train,341,1,3.2,2014,2014
train,343,1,3.2,2014,2014
train,345,1,3.2,2014,2014
train,348,1,3.2,2015,2015
train,349,1,3.2,2015,2015
train,350,1,3.2,2016,2016
train,351,1,3.2,2016,2016
train,353,1,3.2,2016,2016
train,355,1,3.2,2016,2016
train,356,1,3.2,2016,2016
train,357,1,3.2,2017,2017
train,359,1,3.2,2017,2017
train,361,1,3.2,2018,2018
train,362,1,3.2,2018,2018
train,389,1,3.1,2010,2010
train,390,1,3.1,2010,2010
train,391,1,3.1,2010,2010
train,393,1,3.0,2011,2011
train,394,1,3.1,2011,2011
train,395,1,3.1,2011,2011
train,396,1,3.1,2011,2011
train,401,1,3.1,2013,2013
train,403,1,3.1,2013,2013
train,404,1,3.1,2013,2013
train,405,1,3.1,2013,2013
train,406,1,3.1,2013,2013
train,407,1,3.1,2014,2014
train,409,1,3.1,2014,2014
train,410,1,3.1,2014,2014
train,411,1,3.1,2014,2014
train,414,1,3.1,2014,2014
train,415,1,3.1,2014,2014
train,416,1,3.1,2014,2014
train,418,1,3.1,2015,2015
train,419,1,3.1,2016,2016
train,420,1,3.1,2016,2016
train,421,1,3.1,2016,2016
train,422,1,3.1,2016,2016
train,424,1,3.1,2016,2016
train,425,1,3.1,2017,2017
train,427,1,3.1,2017,2017
train,428,1,3.1,2017,2017
train,429,1,3.1,2017,2017
train,431,1,3.1,2018,2018
train,432,1,3.1,2018,2018
train,433,1,3.1,2018,2018
train,456,1,3.0,2010,2010
train,461,1,3.0,2010,2010
train,464,1,3.0,2010,2010
train,468,1,3.0,2011,2011
train,470,1,3.0,2011,2011
train,473,1,3.0,2012,2012
train,476,1,3.0,2012,2012
train,480,1,3.0,2012,2012
train,488,1,3.0,2013,2013
train,489,1,3.0,2013,2013
train,491,1,3.0,2014,2014
train,494,1,3.0,2014,2014
train,496,1,3.0,2014,2014
train,499,1,3.0,2015,2015
train,500,1,3.0,2016,2016
train,502,1,3.0,2016,2016
train,504,1,3.0,2016,2016
train,505,1,3.0,2016,2016
train,506,1,3.0,2017,2017
train,507,1,3.0,2017,2017
train,508,1,3.0,2017,2017
train,511,1,3.0,2018,2018
train,512,1,3.0,2018,2018
validation,83,23,3.7,2020,2020
validation,37,13,3.6,2019,2019
validation,40,8,4.3,2020,2020
validation,39,5,4.3,2020,2020
validation,115,5,3.8,2020,2020
validation,300,5,3.3,2019,2019
validation,81,4,4.0,2020,2020
validation,162,4,3.6,2019,2019
validation,164,4,3.6,2020,2020
validation,18,3,3.9,2020,2020
validation,136,3,3.7,2019,2019
validation,166,3,3.6,2020,2020
validation,208,3,3.5,2019,2019
validation,209,3,3.5,2020,2020
validation,212,3,3.5,2020,2020
validation,435,3,3.1,2019,2019
validation,48,2,4.2,2020,2020
validation,165,2,3.6,2020,2020
validation,211,2,3.5,2020,2020
validation,252,2,3.4,2020,2020
validation,302,2,3.3,2019,2019
validation,304,2,3.3,2019,2020
validation,17,1,4.5,2019,2019
validation,38,1,4.3,2019,2019
validation,161,1,3.6,2019,2019
validation,210,1,3.5,2020,2020
validation,251,1,3.4,2019,2019
validation,253,1,3.4,2020,2020
validation,299,1,3.3,2019,2019
validation,305,1,3.3,2020,2020
validation,306,1,3.3,2020,2020
validation,307,1,3.3,2020,2020
validation,308,1,3.3,2020,2020
validation,363,1,3.2,2019,2019
validation,364,1,3.2,2019,2019
validation,365,1,3.2,2019,2019
validation,366,1,3.2,2019,2019
validation,367,1,3.2,2020,2020
validation,369,1,3.2,2020,2020
validation,370,1,3.2,2020,2020
validation,371,1,3.2,2020,2020
validation,434,1,3.1,2019,2019
validation,436,1,3.1,2020,2020
validation,438,1,3.1,2020,2020
validation,440,1,3.1,2020,2020
validation,513,1,3.0,2019,2019
validation,514,1,3.0,2019,2019
validation,515,1,3.0,2019,2019
validation,516,1,3.0,2019,2019
validation,517,1,3.0,2020,2020
